,model,hidden_layer_sizes,activation,solver,alpha,score
388,nn_regressor,"(75, 30, 50, 10, 3)",logistic,sgd,0.012742749857031334,0.7894736842105263
389,nn_regressor,"(75, 30, 50, 10, 3)",logistic,sgd,0.023357214690901212,0.7894736842105263
397,nn_regressor,"(75, 30, 50, 10, 3)",logistic,sgd,2.9763514416313193,0.7894736842105263
380,nn_regressor,"(75, 30, 50, 10, 3)",logistic,sgd,0.0001,0.7894736842105263
381,nn_regressor,"(75, 30, 50, 10, 3)",logistic,sgd,0.00018329807108324357,0.7894736842105263
382,nn_regressor,"(75, 30, 50, 10, 3)",logistic,sgd,0.0003359818286283781,0.7894736842105263
383,nn_regressor,"(75, 30, 50, 10, 3)",logistic,sgd,0.0006158482110660267,0.7894736842105263
384,nn_regressor,"(75, 30, 50, 10, 3)",logistic,sgd,0.0011288378916846883,0.7894736842105263
385,nn_regressor,"(75, 30, 50, 10, 3)",logistic,sgd,0.00206913808111479,0.7894736842105263
386,nn_regressor,"(75, 30, 50, 10, 3)",logistic,sgd,0.00379269019073225,0.7894736842105263
387,nn_regressor,"(75, 30, 50, 10, 3)",logistic,sgd,0.0069519279617756054,0.7894736842105263
398,nn_regressor,"(75, 30, 50, 10, 3)",logistic,sgd,5.455594781168514,0.7894736842105263
390,nn_regressor,"(75, 30, 50, 10, 3)",logistic,sgd,0.04281332398719392,0.7894736842105263
391,nn_regressor,"(75, 30, 50, 10, 3)",logistic,sgd,0.07847599703514607,0.7894736842105263
392,nn_regressor,"(75, 30, 50, 10, 3)",logistic,sgd,0.14384498882876628,0.7894736842105263
394,nn_regressor,"(75, 30, 50, 10, 3)",logistic,sgd,0.4832930238571752,0.7894736842105263
393,nn_regressor,"(75, 30, 50, 10, 3)",logistic,sgd,0.26366508987303583,0.7894736842105263
399,nn_regressor,"(75, 30, 50, 10, 3)",logistic,sgd,10.0,0.7368421052631579
220,nn_regressor,"(80, 20, 40, 5)",tanh,adam,0.0001,0.7368421052631579
221,nn_regressor,"(80, 20, 40, 5)",tanh,adam,0.00018329807108324357,0.7368421052631579
222,nn_regressor,"(80, 20, 40, 5)",tanh,adam,0.0003359818286283781,0.7368421052631579
395,nn_regressor,"(75, 30, 50, 10, 3)",logistic,sgd,0.8858667904100823,0.7368421052631579
396,nn_regressor,"(75, 30, 50, 10, 3)",logistic,sgd,1.623776739188721,0.7368421052631579
223,nn_regressor,"(80, 20, 40, 5)",tanh,adam,0.0006158482110660267,0.7368421052631579
412,nn_regressor,"(75, 30, 50, 10, 3)",logistic,adam,0.14384498882876628,0.7368421052631579
170,nn_regressor,"(80, 20, 40, 5)",logistic,adam,0.04281332398719392,0.7368421052631579
225,nn_regressor,"(80, 20, 40, 5)",tanh,adam,0.00206913808111479,0.7368421052631579
178,nn_regressor,"(80, 20, 40, 5)",logistic,adam,5.455594781168514,0.7368421052631579
478,nn_regressor,"(75, 30, 50, 10, 3)",tanh,adam,5.455594781168514,0.7368421052631579
649,nn_regressor,"(100, 50, 25, 10)",logistic,adam,0.023357214690901212,0.7368421052631579
650,nn_regressor,"(100, 50, 25, 10)",logistic,adam,0.04281332398719392,0.7368421052631579
651,nn_regressor,"(100, 50, 25, 10)",logistic,adam,0.07847599703514607,0.7368421052631579
652,nn_regressor,"(100, 50, 25, 10)",logistic,adam,0.14384498882876628,0.7368421052631579
653,nn_regressor,"(100, 50, 25, 10)",logistic,adam,0.26366508987303583,0.7368421052631579
479,nn_regressor,"(75, 30, 50, 10, 3)",tanh,adam,10.0,0.7368421052631579
639,nn_regressor,"(100, 50, 25, 10)",logistic,sgd,10.0,0.7368421052631579
658,nn_regressor,"(100, 50, 25, 10)",logistic,adam,5.455594781168514,0.7368421052631579
659,nn_regressor,"(100, 50, 25, 10)",logistic,adam,10.0,0.7368421052631579
176,nn_regressor,"(80, 20, 40, 5)",logistic,adam,1.623776739188721,0.7368421052631579
171,nn_regressor,"(80, 20, 40, 5)",logistic,adam,0.07847599703514607,0.7368421052631579
175,nn_regressor,"(80, 20, 40, 5)",logistic,adam,0.8858667904100823,0.7368421052631579
174,nn_regressor,"(80, 20, 40, 5)",logistic,adam,0.4832930238571752,0.7368421052631579
414,nn_regressor,"(75, 30, 50, 10, 3)",logistic,adam,0.4832930238571752,0.7368421052631579
413,nn_regressor,"(75, 30, 50, 10, 3)",logistic,adam,0.26366508987303583,0.7368421052631579
173,nn_regressor,"(80, 20, 40, 5)",logistic,adam,0.26366508987303583,0.7368421052631579
411,nn_regressor,"(75, 30, 50, 10, 3)",logistic,adam,0.07847599703514607,0.7368421052631579
410,nn_regressor,"(75, 30, 50, 10, 3)",logistic,adam,0.04281332398719392,0.7368421052631579
409,nn_regressor,"(75, 30, 50, 10, 3)",logistic,adam,0.023357214690901212,0.7368421052631579
408,nn_regressor,"(75, 30, 50, 10, 3)",logistic,adam,0.012742749857031334,0.7368421052631579
172,nn_regressor,"(80, 20, 40, 5)",logistic,adam,0.14384498882876628,0.7368421052631579
224,nn_regressor,"(80, 20, 40, 5)",tanh,adam,0.0011288378916846883,0.7368421052631579
229,nn_regressor,"(80, 20, 40, 5)",tanh,adam,0.023357214690901212,0.7368421052631579
226,nn_regressor,"(80, 20, 40, 5)",tanh,adam,0.00379269019073225,0.7368421052631579
165,nn_regressor,"(80, 20, 40, 5)",logistic,adam,0.00206913808111479,0.7368421052631579
899,nn_regressor,"(200, 100, 50, 25)",logistic,adam,10.0,0.7368421052631579
879,nn_regressor,"(200, 100, 50, 25)",logistic,sgd,10.0,0.7368421052631579
227,nn_regressor,"(80, 20, 40, 5)",tanh,adam,0.0069519279617756054,0.7368421052631579
160,nn_regressor,"(80, 20, 40, 5)",logistic,adam,0.0001,0.7368421052631579
161,nn_regressor,"(80, 20, 40, 5)",logistic,adam,0.00018329807108324357,0.7368421052631579
162,nn_regressor,"(80, 20, 40, 5)",logistic,adam,0.0003359818286283781,0.7368421052631579
163,nn_regressor,"(80, 20, 40, 5)",logistic,adam,0.0006158482110660267,0.7368421052631579
164,nn_regressor,"(80, 20, 40, 5)",logistic,adam,0.0011288378916846883,0.7368421052631579
878,nn_regressor,"(200, 100, 50, 25)",logistic,sgd,5.455594781168514,0.7368421052631579
166,nn_regressor,"(80, 20, 40, 5)",logistic,adam,0.00379269019073225,0.7368421052631579
168,nn_regressor,"(80, 20, 40, 5)",logistic,adam,0.012742749857031334,0.7368421052631579
169,nn_regressor,"(80, 20, 40, 5)",logistic,adam,0.023357214690901212,0.7368421052631579
232,nn_regressor,"(80, 20, 40, 5)",tanh,adam,0.14384498882876628,0.7368421052631579
231,nn_regressor,"(80, 20, 40, 5)",tanh,adam,0.07847599703514607,0.7368421052631579
228,nn_regressor,"(80, 20, 40, 5)",tanh,adam,0.012742749857031334,0.7368421052631579
167,nn_regressor,"(80, 20, 40, 5)",logistic,adam,0.0069519279617756054,0.7368421052631579
230,nn_regressor,"(80, 20, 40, 5)",tanh,adam,0.04281332398719392,0.7368421052631579
496,nn_regressor,"(100, 50, 25, 10)",identity,lbfgs,1.623776739188721,0.6842105263157895
495,nn_regressor,"(100, 50, 25, 10)",identity,lbfgs,0.8858667904100823,0.6842105263157895
481,nn_regressor,"(100, 50, 25, 10)",identity,lbfgs,0.00018329807108324357,0.6842105263157895
1,nn_regressor,"(80, 20, 40, 5)",identity,lbfgs,0.00018329807108324357,0.6842105263157895
499,nn_regressor,"(100, 50, 25, 10)",identity,lbfgs,10.0,0.6842105263157895
497,nn_regressor,"(100, 50, 25, 10)",identity,lbfgs,2.9763514416313193,0.6842105263157895
498,nn_regressor,"(100, 50, 25, 10)",identity,lbfgs,5.455594781168514,0.6842105263157895
493,nn_regressor,"(100, 50, 25, 10)",identity,lbfgs,0.26366508987303583,0.6842105263157895
500,nn_regressor,"(100, 50, 25, 10)",identity,sgd,0.0001,0.6842105263157895
501,nn_regressor,"(100, 50, 25, 10)",identity,sgd,0.00018329807108324357,0.6842105263157895
494,nn_regressor,"(100, 50, 25, 10)",identity,lbfgs,0.4832930238571752,0.6842105263157895
484,nn_regressor,"(100, 50, 25, 10)",identity,lbfgs,0.0011288378916846883,0.6842105263157895
482,nn_regressor,"(100, 50, 25, 10)",identity,lbfgs,0.0003359818286283781,0.6842105263157895
483,nn_regressor,"(100, 50, 25, 10)",identity,lbfgs,0.0006158482110660267,0.6842105263157895
492,nn_regressor,"(100, 50, 25, 10)",identity,lbfgs,0.14384498882876628,0.6842105263157895
485,nn_regressor,"(100, 50, 25, 10)",identity,lbfgs,0.00206913808111479,0.6842105263157895
491,nn_regressor,"(100, 50, 25, 10)",identity,lbfgs,0.07847599703514607,0.6842105263157895
490,nn_regressor,"(100, 50, 25, 10)",identity,lbfgs,0.04281332398719392,0.6842105263157895
459,nn_regressor,"(75, 30, 50, 10, 3)",tanh,sgd,10.0,0.6842105263157895
489,nn_regressor,"(100, 50, 25, 10)",identity,lbfgs,0.023357214690901212,0.6842105263157895
488,nn_regressor,"(100, 50, 25, 10)",identity,lbfgs,0.012742749857031334,0.6842105263157895
487,nn_regressor,"(100, 50, 25, 10)",identity,lbfgs,0.0069519279617756054,0.6842105263157895
486,nn_regressor,"(100, 50, 25, 10)",identity,lbfgs,0.00379269019073225,0.6842105263157895
477,nn_regressor,"(75, 30, 50, 10, 3)",tanh,adam,2.9763514416313193,0.6842105263157895
0,nn_regressor,"(80, 20, 40, 5)",identity,lbfgs,0.0001,0.6842105263157895
453,nn_regressor,"(75, 30, 50, 10, 3)",tanh,sgd,0.26366508987303583,0.6842105263157895
286,nn_regressor,"(75, 30, 50, 10, 3)",identity,adam,0.00379269019073225,0.6842105263157895
295,nn_regressor,"(75, 30, 50, 10, 3)",identity,adam,0.8858667904100823,0.6842105263157895
294,nn_regressor,"(75, 30, 50, 10, 3)",identity,adam,0.4832930238571752,0.6842105263157895
293,nn_regressor,"(75, 30, 50, 10, 3)",identity,adam,0.26366508987303583,0.6842105263157895
292,nn_regressor,"(75, 30, 50, 10, 3)",identity,adam,0.14384498882876628,0.6842105263157895
291,nn_regressor,"(75, 30, 50, 10, 3)",identity,adam,0.07847599703514607,0.6842105263157895
290,nn_regressor,"(75, 30, 50, 10, 3)",identity,adam,0.04281332398719392,0.6842105263157895
289,nn_regressor,"(75, 30, 50, 10, 3)",identity,adam,0.023357214690901212,0.6842105263157895
288,nn_regressor,"(75, 30, 50, 10, 3)",identity,adam,0.012742749857031334,0.6842105263157895
287,nn_regressor,"(75, 30, 50, 10, 3)",identity,adam,0.0069519279617756054,0.6842105263157895
285,nn_regressor,"(75, 30, 50, 10, 3)",identity,adam,0.00206913808111479,0.6842105263157895
452,nn_regressor,"(75, 30, 50, 10, 3)",tanh,sgd,0.14384498882876628,0.6842105263157895
284,nn_regressor,"(75, 30, 50, 10, 3)",identity,adam,0.0011288378916846883,0.6842105263157895
283,nn_regressor,"(75, 30, 50, 10, 3)",identity,adam,0.0006158482110660267,0.6842105263157895
282,nn_regressor,"(75, 30, 50, 10, 3)",identity,adam,0.0003359818286283781,0.6842105263157895
281,nn_regressor,"(75, 30, 50, 10, 3)",identity,adam,0.00018329807108324357,0.6842105263157895
280,nn_regressor,"(75, 30, 50, 10, 3)",identity,adam,0.0001,0.6842105263157895
279,nn_regressor,"(75, 30, 50, 10, 3)",identity,sgd,10.0,0.6842105263157895
278,nn_regressor,"(75, 30, 50, 10, 3)",identity,sgd,5.455594781168514,0.6842105263157895
277,nn_regressor,"(75, 30, 50, 10, 3)",identity,sgd,2.9763514416313193,0.6842105263157895
276,nn_regressor,"(75, 30, 50, 10, 3)",identity,sgd,1.623776739188721,0.6842105263157895
296,nn_regressor,"(75, 30, 50, 10, 3)",identity,adam,1.623776739188721,0.6842105263157895
297,nn_regressor,"(75, 30, 50, 10, 3)",identity,adam,2.9763514416313193,0.6842105263157895
298,nn_regressor,"(75, 30, 50, 10, 3)",identity,adam,5.455594781168514,0.6842105263157895
299,nn_regressor,"(75, 30, 50, 10, 3)",identity,adam,10.0,0.6842105263157895
451,nn_regressor,"(75, 30, 50, 10, 3)",tanh,sgd,0.07847599703514607,0.6842105263157895
450,nn_regressor,"(75, 30, 50, 10, 3)",tanh,sgd,0.04281332398719392,0.6842105263157895
449,nn_regressor,"(75, 30, 50, 10, 3)",tanh,sgd,0.023357214690901212,0.6842105263157895
448,nn_regressor,"(75, 30, 50, 10, 3)",tanh,sgd,0.012742749857031334,0.6842105263157895
447,nn_regressor,"(75, 30, 50, 10, 3)",tanh,sgd,0.0069519279617756054,0.6842105263157895
446,nn_regressor,"(75, 30, 50, 10, 3)",tanh,sgd,0.00379269019073225,0.6842105263157895
445,nn_regressor,"(75, 30, 50, 10, 3)",tanh,sgd,0.00206913808111479,0.6842105263157895
444,nn_regressor,"(75, 30, 50, 10, 3)",tanh,sgd,0.0011288378916846883,0.6842105263157895
443,nn_regressor,"(75, 30, 50, 10, 3)",tanh,sgd,0.0006158482110660267,0.6842105263157895
442,nn_regressor,"(75, 30, 50, 10, 3)",tanh,sgd,0.0003359818286283781,0.6842105263157895
441,nn_regressor,"(75, 30, 50, 10, 3)",tanh,sgd,0.00018329807108324357,0.6842105263157895
440,nn_regressor,"(75, 30, 50, 10, 3)",tanh,sgd,0.0001,0.6842105263157895
431,nn_regressor,"(75, 30, 50, 10, 3)",tanh,lbfgs,0.07847599703514607,0.6842105263157895
503,nn_regressor,"(100, 50, 25, 10)",identity,sgd,0.0006158482110660267,0.6842105263157895
407,nn_regressor,"(75, 30, 50, 10, 3)",logistic,adam,0.0069519279617756054,0.6842105263157895
406,nn_regressor,"(75, 30, 50, 10, 3)",logistic,adam,0.00379269019073225,0.6842105263157895
405,nn_regressor,"(75, 30, 50, 10, 3)",logistic,adam,0.00206913808111479,0.6842105263157895
363,nn_regressor,"(75, 30, 50, 10, 3)",logistic,lbfgs,0.0006158482110660267,0.6842105263157895
339,nn_regressor,"(75, 30, 50, 10, 3)",relu,sgd,10.0,0.6842105263157895
502,nn_regressor,"(100, 50, 25, 10)",identity,sgd,0.0003359818286283781,0.6842105263157895
509,nn_regressor,"(100, 50, 25, 10)",identity,sgd,0.023357214690901212,0.6842105263157895
504,nn_regressor,"(100, 50, 25, 10)",identity,sgd,0.0011288378916846883,0.6842105263157895
762,nn_regressor,"(200, 100, 50, 25)",identity,adam,0.0003359818286283781,0.6842105263157895
760,nn_regressor,"(200, 100, 50, 25)",identity,adam,0.0001,0.6842105263157895
759,nn_regressor,"(200, 100, 50, 25)",identity,sgd,10.0,0.6842105263157895
758,nn_regressor,"(200, 100, 50, 25)",identity,sgd,5.455594781168514,0.6842105263157895
757,nn_regressor,"(200, 100, 50, 25)",identity,sgd,2.9763514416313193,0.6842105263157895
756,nn_regressor,"(200, 100, 50, 25)",identity,sgd,1.623776739188721,0.6842105263157895
755,nn_regressor,"(200, 100, 50, 25)",identity,sgd,0.8858667904100823,0.6842105263157895
754,nn_regressor,"(200, 100, 50, 25)",identity,sgd,0.4832930238571752,0.6842105263157895
753,nn_regressor,"(200, 100, 50, 25)",identity,sgd,0.26366508987303583,0.6842105263157895
752,nn_regressor,"(200, 100, 50, 25)",identity,sgd,0.14384498882876628,0.6842105263157895
751,nn_regressor,"(200, 100, 50, 25)",identity,sgd,0.07847599703514607,0.6842105263157895
750,nn_regressor,"(200, 100, 50, 25)",identity,sgd,0.04281332398719392,0.6842105263157895
749,nn_regressor,"(200, 100, 50, 25)",identity,sgd,0.023357214690901212,0.6842105263157895
748,nn_regressor,"(200, 100, 50, 25)",identity,sgd,0.012742749857031334,0.6842105263157895
747,nn_regressor,"(200, 100, 50, 25)",identity,sgd,0.0069519279617756054,0.6842105263157895
746,nn_regressor,"(200, 100, 50, 25)",identity,sgd,0.00379269019073225,0.6842105263157895
745,nn_regressor,"(200, 100, 50, 25)",identity,sgd,0.00206913808111479,0.6842105263157895
744,nn_regressor,"(200, 100, 50, 25)",identity,sgd,0.0011288378916846883,0.6842105263157895
743,nn_regressor,"(200, 100, 50, 25)",identity,sgd,0.0006158482110660267,0.6842105263157895
742,nn_regressor,"(200, 100, 50, 25)",identity,sgd,0.0003359818286283781,0.6842105263157895
741,nn_regressor,"(200, 100, 50, 25)",identity,sgd,0.00018329807108324357,0.6842105263157895
740,nn_regressor,"(200, 100, 50, 25)",identity,sgd,0.0001,0.6842105263157895
739,nn_regressor,"(200, 100, 50, 25)",identity,lbfgs,10.0,0.6842105263157895
738,nn_regressor,"(200, 100, 50, 25)",identity,lbfgs,5.455594781168514,0.6842105263157895
737,nn_regressor,"(200, 100, 50, 25)",identity,lbfgs,2.9763514416313193,0.6842105263157895
736,nn_regressor,"(200, 100, 50, 25)",identity,lbfgs,1.623776739188721,0.6842105263157895
735,nn_regressor,"(200, 100, 50, 25)",identity,lbfgs,0.8858667904100823,0.6842105263157895
734,nn_regressor,"(200, 100, 50, 25)",identity,lbfgs,0.4832930238571752,0.6842105263157895
733,nn_regressor,"(200, 100, 50, 25)",identity,lbfgs,0.26366508987303583,0.6842105263157895
732,nn_regressor,"(200, 100, 50, 25)",identity,lbfgs,0.14384498882876628,0.6842105263157895
761,nn_regressor,"(200, 100, 50, 25)",identity,adam,0.00018329807108324357,0.6842105263157895
763,nn_regressor,"(200, 100, 50, 25)",identity,adam,0.0006158482110660267,0.6842105263157895
505,nn_regressor,"(100, 50, 25, 10)",identity,sgd,0.00206913808111479,0.6842105263157895
764,nn_regressor,"(200, 100, 50, 25)",identity,adam,0.0011288378916846883,0.6842105263157895
898,nn_regressor,"(200, 100, 50, 25)",logistic,adam,5.455594781168514,0.6842105263157895
897,nn_regressor,"(200, 100, 50, 25)",logistic,adam,2.9763514416313193,0.6842105263157895
896,nn_regressor,"(200, 100, 50, 25)",logistic,adam,1.623776739188721,0.6842105263157895
888,nn_regressor,"(200, 100, 50, 25)",logistic,adam,0.012742749857031334,0.6842105263157895
887,nn_regressor,"(200, 100, 50, 25)",logistic,adam,0.0069519279617756054,0.6842105263157895
886,nn_regressor,"(200, 100, 50, 25)",logistic,adam,0.00379269019073225,0.6842105263157895
885,nn_regressor,"(200, 100, 50, 25)",logistic,adam,0.00206913808111479,0.6842105263157895
884,nn_regressor,"(200, 100, 50, 25)",logistic,adam,0.0011288378916846883,0.6842105263157895
883,nn_regressor,"(200, 100, 50, 25)",logistic,adam,0.0006158482110660267,0.6842105263157895
882,nn_regressor,"(200, 100, 50, 25)",logistic,adam,0.0003359818286283781,0.6842105263157895
881,nn_regressor,"(200, 100, 50, 25)",logistic,adam,0.00018329807108324357,0.6842105263157895
880,nn_regressor,"(200, 100, 50, 25)",logistic,adam,0.0001,0.6842105263157895
877,nn_regressor,"(200, 100, 50, 25)",logistic,sgd,2.9763514416313193,0.6842105263157895
876,nn_regressor,"(200, 100, 50, 25)",logistic,sgd,1.623776739188721,0.6842105263157895
779,nn_regressor,"(200, 100, 50, 25)",identity,adam,10.0,0.6842105263157895
778,nn_regressor,"(200, 100, 50, 25)",identity,adam,5.455594781168514,0.6842105263157895
777,nn_regressor,"(200, 100, 50, 25)",identity,adam,2.9763514416313193,0.6842105263157895
776,nn_regressor,"(200, 100, 50, 25)",identity,adam,1.623776739188721,0.6842105263157895
775,nn_regressor,"(200, 100, 50, 25)",identity,adam,0.8858667904100823,0.6842105263157895
774,nn_regressor,"(200, 100, 50, 25)",identity,adam,0.4832930238571752,0.6842105263157895
773,nn_regressor,"(200, 100, 50, 25)",identity,adam,0.26366508987303583,0.6842105263157895
772,nn_regressor,"(200, 100, 50, 25)",identity,adam,0.14384498882876628,0.6842105263157895
771,nn_regressor,"(200, 100, 50, 25)",identity,adam,0.07847599703514607,0.6842105263157895
770,nn_regressor,"(200, 100, 50, 25)",identity,adam,0.04281332398719392,0.6842105263157895
769,nn_regressor,"(200, 100, 50, 25)",identity,adam,0.023357214690901212,0.6842105263157895
768,nn_regressor,"(200, 100, 50, 25)",identity,adam,0.012742749857031334,0.6842105263157895
767,nn_regressor,"(200, 100, 50, 25)",identity,adam,0.0069519279617756054,0.6842105263157895
766,nn_regressor,"(200, 100, 50, 25)",identity,adam,0.00379269019073225,0.6842105263157895
765,nn_regressor,"(200, 100, 50, 25)",identity,adam,0.00206913808111479,0.6842105263157895
731,nn_regressor,"(200, 100, 50, 25)",identity,lbfgs,0.07847599703514607,0.6842105263157895
730,nn_regressor,"(200, 100, 50, 25)",identity,lbfgs,0.04281332398719392,0.6842105263157895
729,nn_regressor,"(200, 100, 50, 25)",identity,lbfgs,0.023357214690901212,0.6842105263157895
728,nn_regressor,"(200, 100, 50, 25)",identity,lbfgs,0.012742749857031334,0.6842105263157895
534,nn_regressor,"(100, 50, 25, 10)",identity,adam,0.4832930238571752,0.6842105263157895
533,nn_regressor,"(100, 50, 25, 10)",identity,adam,0.26366508987303583,0.6842105263157895
532,nn_regressor,"(100, 50, 25, 10)",identity,adam,0.14384498882876628,0.6842105263157895
531,nn_regressor,"(100, 50, 25, 10)",identity,adam,0.07847599703514607,0.6842105263157895
530,nn_regressor,"(100, 50, 25, 10)",identity,adam,0.04281332398719392,0.6842105263157895
529,nn_regressor,"(100, 50, 25, 10)",identity,adam,0.023357214690901212,0.6842105263157895
528,nn_regressor,"(100, 50, 25, 10)",identity,adam,0.012742749857031334,0.6842105263157895
527,nn_regressor,"(100, 50, 25, 10)",identity,adam,0.0069519279617756054,0.6842105263157895
526,nn_regressor,"(100, 50, 25, 10)",identity,adam,0.00379269019073225,0.6842105263157895
525,nn_regressor,"(100, 50, 25, 10)",identity,adam,0.00206913808111479,0.6842105263157895
524,nn_regressor,"(100, 50, 25, 10)",identity,adam,0.0011288378916846883,0.6842105263157895
523,nn_regressor,"(100, 50, 25, 10)",identity,adam,0.0006158482110660267,0.6842105263157895
522,nn_regressor,"(100, 50, 25, 10)",identity,adam,0.0003359818286283781,0.6842105263157895
521,nn_regressor,"(100, 50, 25, 10)",identity,adam,0.00018329807108324357,0.6842105263157895
520,nn_regressor,"(100, 50, 25, 10)",identity,adam,0.0001,0.6842105263157895
519,nn_regressor,"(100, 50, 25, 10)",identity,sgd,10.0,0.6842105263157895
518,nn_regressor,"(100, 50, 25, 10)",identity,sgd,5.455594781168514,0.6842105263157895
517,nn_regressor,"(100, 50, 25, 10)",identity,sgd,2.9763514416313193,0.6842105263157895
516,nn_regressor,"(100, 50, 25, 10)",identity,sgd,1.623776739188721,0.6842105263157895
515,nn_regressor,"(100, 50, 25, 10)",identity,sgd,0.8858667904100823,0.6842105263157895
514,nn_regressor,"(100, 50, 25, 10)",identity,sgd,0.4832930238571752,0.6842105263157895
513,nn_regressor,"(100, 50, 25, 10)",identity,sgd,0.26366508987303583,0.6842105263157895
512,nn_regressor,"(100, 50, 25, 10)",identity,sgd,0.14384498882876628,0.6842105263157895
511,nn_regressor,"(100, 50, 25, 10)",identity,sgd,0.07847599703514607,0.6842105263157895
510,nn_regressor,"(100, 50, 25, 10)",identity,sgd,0.04281332398719392,0.6842105263157895
274,nn_regressor,"(75, 30, 50, 10, 3)",identity,sgd,0.4832930238571752,0.6842105263157895
508,nn_regressor,"(100, 50, 25, 10)",identity,sgd,0.012742749857031334,0.6842105263157895
507,nn_regressor,"(100, 50, 25, 10)",identity,sgd,0.0069519279617756054,0.6842105263157895
506,nn_regressor,"(100, 50, 25, 10)",identity,sgd,0.00379269019073225,0.6842105263157895
535,nn_regressor,"(100, 50, 25, 10)",identity,adam,0.8858667904100823,0.6842105263157895
536,nn_regressor,"(100, 50, 25, 10)",identity,adam,1.623776739188721,0.6842105263157895
537,nn_regressor,"(100, 50, 25, 10)",identity,adam,2.9763514416313193,0.6842105263157895
655,nn_regressor,"(100, 50, 25, 10)",logistic,adam,0.8858667904100823,0.6842105263157895
727,nn_regressor,"(200, 100, 50, 25)",identity,lbfgs,0.0069519279617756054,0.6842105263157895
726,nn_regressor,"(200, 100, 50, 25)",identity,lbfgs,0.00379269019073225,0.6842105263157895
725,nn_regressor,"(200, 100, 50, 25)",identity,lbfgs,0.00206913808111479,0.6842105263157895
724,nn_regressor,"(200, 100, 50, 25)",identity,lbfgs,0.0011288378916846883,0.6842105263157895
723,nn_regressor,"(200, 100, 50, 25)",identity,lbfgs,0.0006158482110660267,0.6842105263157895
722,nn_regressor,"(200, 100, 50, 25)",identity,lbfgs,0.0003359818286283781,0.6842105263157895
721,nn_regressor,"(200, 100, 50, 25)",identity,lbfgs,0.00018329807108324357,0.6842105263157895
720,nn_regressor,"(200, 100, 50, 25)",identity,lbfgs,0.0001,0.6842105263157895
719,nn_regressor,"(100, 50, 25, 10)",tanh,adam,10.0,0.6842105263157895
718,nn_regressor,"(100, 50, 25, 10)",tanh,adam,5.455594781168514,0.6842105263157895
717,nn_regressor,"(100, 50, 25, 10)",tanh,adam,2.9763514416313193,0.6842105263157895
657,nn_regressor,"(100, 50, 25, 10)",logistic,adam,2.9763514416313193,0.6842105263157895
656,nn_regressor,"(100, 50, 25, 10)",logistic,adam,1.623776739188721,0.6842105263157895
654,nn_regressor,"(100, 50, 25, 10)",logistic,adam,0.4832930238571752,0.6842105263157895
538,nn_regressor,"(100, 50, 25, 10)",identity,adam,5.455594781168514,0.6842105263157895
648,nn_regressor,"(100, 50, 25, 10)",logistic,adam,0.012742749857031334,0.6842105263157895
647,nn_regressor,"(100, 50, 25, 10)",logistic,adam,0.0069519279617756054,0.6842105263157895
646,nn_regressor,"(100, 50, 25, 10)",logistic,adam,0.00379269019073225,0.6842105263157895
645,nn_regressor,"(100, 50, 25, 10)",logistic,adam,0.00206913808111479,0.6842105263157895
644,nn_regressor,"(100, 50, 25, 10)",logistic,adam,0.0011288378916846883,0.6842105263157895
643,nn_regressor,"(100, 50, 25, 10)",logistic,adam,0.0006158482110660267,0.6842105263157895
642,nn_regressor,"(100, 50, 25, 10)",logistic,adam,0.0003359818286283781,0.6842105263157895
641,nn_regressor,"(100, 50, 25, 10)",logistic,adam,0.00018329807108324357,0.6842105263157895
640,nn_regressor,"(100, 50, 25, 10)",logistic,adam,0.0001,0.6842105263157895
638,nn_regressor,"(100, 50, 25, 10)",logistic,sgd,5.455594781168514,0.6842105263157895
637,nn_regressor,"(100, 50, 25, 10)",logistic,sgd,2.9763514416313193,0.6842105263157895
636,nn_regressor,"(100, 50, 25, 10)",logistic,sgd,1.623776739188721,0.6842105263157895
539,nn_regressor,"(100, 50, 25, 10)",identity,adam,10.0,0.6842105263157895
275,nn_regressor,"(75, 30, 50, 10, 3)",identity,sgd,0.8858667904100823,0.6842105263157895
480,nn_regressor,"(100, 50, 25, 10)",identity,lbfgs,0.0001,0.6842105263157895
273,nn_regressor,"(75, 30, 50, 10, 3)",identity,sgd,0.26366508987303583,0.6842105263157895
240,nn_regressor,"(75, 30, 50, 10, 3)",identity,lbfgs,0.0001,0.6842105263157895
40,nn_regressor,"(80, 20, 40, 5)",identity,adam,0.0001,0.6842105263157895
41,nn_regressor,"(80, 20, 40, 5)",identity,adam,0.00018329807108324357,0.6842105263157895
245,nn_regressor,"(75, 30, 50, 10, 3)",identity,lbfgs,0.00206913808111479,0.6842105263157895
244,nn_regressor,"(75, 30, 50, 10, 3)",identity,lbfgs,0.0011288378916846883,0.6842105263157895
243,nn_regressor,"(75, 30, 50, 10, 3)",identity,lbfgs,0.0006158482110660267,0.6842105263157895
242,nn_regressor,"(75, 30, 50, 10, 3)",identity,lbfgs,0.0003359818286283781,0.6842105263157895
241,nn_regressor,"(75, 30, 50, 10, 3)",identity,lbfgs,0.00018329807108324357,0.6842105263157895
42,nn_regressor,"(80, 20, 40, 5)",identity,adam,0.0003359818286283781,0.6842105263157895
19,nn_regressor,"(80, 20, 40, 5)",identity,lbfgs,10.0,0.6842105263157895
43,nn_regressor,"(80, 20, 40, 5)",identity,adam,0.0006158482110660267,0.6842105263157895
44,nn_regressor,"(80, 20, 40, 5)",identity,adam,0.0011288378916846883,0.6842105263157895
45,nn_regressor,"(80, 20, 40, 5)",identity,adam,0.00206913808111479,0.6842105263157895
235,nn_regressor,"(80, 20, 40, 5)",tanh,adam,0.8858667904100823,0.6842105263157895
234,nn_regressor,"(80, 20, 40, 5)",tanh,adam,0.4832930238571752,0.6842105263157895
233,nn_regressor,"(80, 20, 40, 5)",tanh,adam,0.26366508987303583,0.6842105263157895
219,nn_regressor,"(80, 20, 40, 5)",tanh,sgd,10.0,0.6842105263157895
39,nn_regressor,"(80, 20, 40, 5)",identity,sgd,10.0,0.6842105263157895
38,nn_regressor,"(80, 20, 40, 5)",identity,sgd,5.455594781168514,0.6842105263157895
37,nn_regressor,"(80, 20, 40, 5)",identity,sgd,2.9763514416313193,0.6842105263157895
36,nn_regressor,"(80, 20, 40, 5)",identity,sgd,1.623776739188721,0.6842105263157895
21,nn_regressor,"(80, 20, 40, 5)",identity,sgd,0.00018329807108324357,0.6842105263157895
22,nn_regressor,"(80, 20, 40, 5)",identity,sgd,0.0003359818286283781,0.6842105263157895
23,nn_regressor,"(80, 20, 40, 5)",identity,sgd,0.0006158482110660267,0.6842105263157895
24,nn_regressor,"(80, 20, 40, 5)",identity,sgd,0.0011288378916846883,0.6842105263157895
25,nn_regressor,"(80, 20, 40, 5)",identity,sgd,0.00206913808111479,0.6842105263157895
246,nn_regressor,"(75, 30, 50, 10, 3)",identity,lbfgs,0.00379269019073225,0.6842105263157895
26,nn_regressor,"(80, 20, 40, 5)",identity,sgd,0.00379269019073225,0.6842105263157895
27,nn_regressor,"(80, 20, 40, 5)",identity,sgd,0.0069519279617756054,0.6842105263157895
28,nn_regressor,"(80, 20, 40, 5)",identity,sgd,0.012742749857031334,0.6842105263157895
29,nn_regressor,"(80, 20, 40, 5)",identity,sgd,0.023357214690901212,0.6842105263157895
30,nn_regressor,"(80, 20, 40, 5)",identity,sgd,0.04281332398719392,0.6842105263157895
31,nn_regressor,"(80, 20, 40, 5)",identity,sgd,0.07847599703514607,0.6842105263157895
33,nn_regressor,"(80, 20, 40, 5)",identity,sgd,0.26366508987303583,0.6842105263157895
34,nn_regressor,"(80, 20, 40, 5)",identity,sgd,0.4832930238571752,0.6842105263157895
35,nn_regressor,"(80, 20, 40, 5)",identity,sgd,0.8858667904100823,0.6842105263157895
46,nn_regressor,"(80, 20, 40, 5)",identity,adam,0.00379269019073225,0.6842105263157895
47,nn_regressor,"(80, 20, 40, 5)",identity,adam,0.0069519279617756054,0.6842105263157895
48,nn_regressor,"(80, 20, 40, 5)",identity,adam,0.012742749857031334,0.6842105263157895
144,nn_regressor,"(80, 20, 40, 5)",logistic,sgd,0.0011288378916846883,0.6842105263157895
146,nn_regressor,"(80, 20, 40, 5)",logistic,sgd,0.00379269019073225,0.6842105263157895
147,nn_regressor,"(80, 20, 40, 5)",logistic,sgd,0.0069519279617756054,0.6842105263157895
148,nn_regressor,"(80, 20, 40, 5)",logistic,sgd,0.012742749857031334,0.6842105263157895
149,nn_regressor,"(80, 20, 40, 5)",logistic,sgd,0.023357214690901212,0.6842105263157895
150,nn_regressor,"(80, 20, 40, 5)",logistic,sgd,0.04281332398719392,0.6842105263157895
151,nn_regressor,"(80, 20, 40, 5)",logistic,sgd,0.07847599703514607,0.6842105263157895
152,nn_regressor,"(80, 20, 40, 5)",logistic,sgd,0.14384498882876628,0.6842105263157895
153,nn_regressor,"(80, 20, 40, 5)",logistic,sgd,0.26366508987303583,0.6842105263157895
154,nn_regressor,"(80, 20, 40, 5)",logistic,sgd,0.4832930238571752,0.6842105263157895
155,nn_regressor,"(80, 20, 40, 5)",logistic,sgd,0.8858667904100823,0.6842105263157895
156,nn_regressor,"(80, 20, 40, 5)",logistic,sgd,1.623776739188721,0.6842105263157895
157,nn_regressor,"(80, 20, 40, 5)",logistic,sgd,2.9763514416313193,0.6842105263157895
158,nn_regressor,"(80, 20, 40, 5)",logistic,sgd,5.455594781168514,0.6842105263157895
159,nn_regressor,"(80, 20, 40, 5)",logistic,sgd,10.0,0.6842105263157895
177,nn_regressor,"(80, 20, 40, 5)",logistic,adam,2.9763514416313193,0.6842105263157895
145,nn_regressor,"(80, 20, 40, 5)",logistic,sgd,0.00206913808111479,0.6842105263157895
198,nn_regressor,"(80, 20, 40, 5)",tanh,lbfgs,5.455594781168514,0.6842105263157895
49,nn_regressor,"(80, 20, 40, 5)",identity,adam,0.023357214690901212,0.6842105263157895
143,nn_regressor,"(80, 20, 40, 5)",logistic,sgd,0.0006158482110660267,0.6842105263157895
50,nn_regressor,"(80, 20, 40, 5)",identity,adam,0.04281332398719392,0.6842105263157895
51,nn_regressor,"(80, 20, 40, 5)",identity,adam,0.07847599703514607,0.6842105263157895
52,nn_regressor,"(80, 20, 40, 5)",identity,adam,0.14384498882876628,0.6842105263157895
53,nn_regressor,"(80, 20, 40, 5)",identity,adam,0.26366508987303583,0.6842105263157895
54,nn_regressor,"(80, 20, 40, 5)",identity,adam,0.4832930238571752,0.6842105263157895
55,nn_regressor,"(80, 20, 40, 5)",identity,adam,0.8858667904100823,0.6842105263157895
56,nn_regressor,"(80, 20, 40, 5)",identity,adam,1.623776739188721,0.6842105263157895
57,nn_regressor,"(80, 20, 40, 5)",identity,adam,2.9763514416313193,0.6842105263157895
58,nn_regressor,"(80, 20, 40, 5)",identity,adam,5.455594781168514,0.6842105263157895
59,nn_regressor,"(80, 20, 40, 5)",identity,adam,10.0,0.6842105263157895
272,nn_regressor,"(75, 30, 50, 10, 3)",identity,sgd,0.14384498882876628,0.6842105263157895
128,nn_regressor,"(80, 20, 40, 5)",logistic,lbfgs,0.012742749857031334,0.6842105263157895
140,nn_regressor,"(80, 20, 40, 5)",logistic,sgd,0.0001,0.6842105263157895
141,nn_regressor,"(80, 20, 40, 5)",logistic,sgd,0.00018329807108324357,0.6842105263157895
142,nn_regressor,"(80, 20, 40, 5)",logistic,sgd,0.0003359818286283781,0.6842105263157895
20,nn_regressor,"(80, 20, 40, 5)",identity,sgd,0.0001,0.6842105263157895
32,nn_regressor,"(80, 20, 40, 5)",identity,sgd,0.14384498882876628,0.6842105263157895
16,nn_regressor,"(80, 20, 40, 5)",identity,lbfgs,1.623776739188721,0.6842105263157895
14,nn_regressor,"(80, 20, 40, 5)",identity,lbfgs,0.4832930238571752,0.6842105263157895
5,nn_regressor,"(80, 20, 40, 5)",identity,lbfgs,0.00206913808111479,0.6842105263157895
252,nn_regressor,"(75, 30, 50, 10, 3)",identity,lbfgs,0.14384498882876628,0.6842105263157895
251,nn_regressor,"(75, 30, 50, 10, 3)",identity,lbfgs,0.07847599703514607,0.6842105263157895
250,nn_regressor,"(75, 30, 50, 10, 3)",identity,lbfgs,0.04281332398719392,0.6842105263157895
249,nn_regressor,"(75, 30, 50, 10, 3)",identity,lbfgs,0.023357214690901212,0.6842105263157895
18,nn_regressor,"(80, 20, 40, 5)",identity,lbfgs,5.455594781168514,0.6842105263157895
17,nn_regressor,"(80, 20, 40, 5)",identity,lbfgs,2.9763514416313193,0.6842105263157895
248,nn_regressor,"(75, 30, 50, 10, 3)",identity,lbfgs,0.012742749857031334,0.6842105263157895
15,nn_regressor,"(80, 20, 40, 5)",identity,lbfgs,0.8858667904100823,0.6842105263157895
13,nn_regressor,"(80, 20, 40, 5)",identity,lbfgs,0.26366508987303583,0.6842105263157895
255,nn_regressor,"(75, 30, 50, 10, 3)",identity,lbfgs,0.8858667904100823,0.6842105263157895
12,nn_regressor,"(80, 20, 40, 5)",identity,lbfgs,0.14384498882876628,0.6842105263157895
11,nn_regressor,"(80, 20, 40, 5)",identity,lbfgs,0.07847599703514607,0.6842105263157895
10,nn_regressor,"(80, 20, 40, 5)",identity,lbfgs,0.04281332398719392,0.6842105263157895
9,nn_regressor,"(80, 20, 40, 5)",identity,lbfgs,0.023357214690901212,0.6842105263157895
8,nn_regressor,"(80, 20, 40, 5)",identity,lbfgs,0.012742749857031334,0.6842105263157895
7,nn_regressor,"(80, 20, 40, 5)",identity,lbfgs,0.0069519279617756054,0.6842105263157895
6,nn_regressor,"(80, 20, 40, 5)",identity,lbfgs,0.00379269019073225,0.6842105263157895
2,nn_regressor,"(80, 20, 40, 5)",identity,lbfgs,0.0003359818286283781,0.6842105263157895
3,nn_regressor,"(80, 20, 40, 5)",identity,lbfgs,0.0006158482110660267,0.6842105263157895
254,nn_regressor,"(75, 30, 50, 10, 3)",identity,lbfgs,0.4832930238571752,0.6842105263157895
253,nn_regressor,"(75, 30, 50, 10, 3)",identity,lbfgs,0.26366508987303583,0.6842105263157895
256,nn_regressor,"(75, 30, 50, 10, 3)",identity,lbfgs,1.623776739188721,0.6842105263157895
264,nn_regressor,"(75, 30, 50, 10, 3)",identity,sgd,0.0011288378916846883,0.6842105263157895
271,nn_regressor,"(75, 30, 50, 10, 3)",identity,sgd,0.07847599703514607,0.6842105263157895
270,nn_regressor,"(75, 30, 50, 10, 3)",identity,sgd,0.04281332398719392,0.6842105263157895
269,nn_regressor,"(75, 30, 50, 10, 3)",identity,sgd,0.023357214690901212,0.6842105263157895
268,nn_regressor,"(75, 30, 50, 10, 3)",identity,sgd,0.012742749857031334,0.6842105263157895
257,nn_regressor,"(75, 30, 50, 10, 3)",identity,lbfgs,2.9763514416313193,0.6842105263157895
266,nn_regressor,"(75, 30, 50, 10, 3)",identity,sgd,0.00379269019073225,0.6842105263157895
265,nn_regressor,"(75, 30, 50, 10, 3)",identity,sgd,0.00206913808111479,0.6842105263157895
267,nn_regressor,"(75, 30, 50, 10, 3)",identity,sgd,0.0069519279617756054,0.6842105263157895
263,nn_regressor,"(75, 30, 50, 10, 3)",identity,sgd,0.0006158482110660267,0.6842105263157895
260,nn_regressor,"(75, 30, 50, 10, 3)",identity,sgd,0.0001,0.6842105263157895
262,nn_regressor,"(75, 30, 50, 10, 3)",identity,sgd,0.0003359818286283781,0.6842105263157895
258,nn_regressor,"(75, 30, 50, 10, 3)",identity,lbfgs,5.455594781168514,0.6842105263157895
259,nn_regressor,"(75, 30, 50, 10, 3)",identity,lbfgs,10.0,0.6842105263157895
4,nn_regressor,"(80, 20, 40, 5)",identity,lbfgs,0.0011288378916846883,0.6842105263157895
261,nn_regressor,"(75, 30, 50, 10, 3)",identity,sgd,0.00018329807108324357,0.6842105263157895
247,nn_regressor,"(75, 30, 50, 10, 3)",identity,lbfgs,0.0069519279617756054,0.6842105263157895
98,nn_regressor,"(80, 20, 40, 5)",relu,sgd,5.455594781168514,0.631578947368421
94,nn_regressor,"(80, 20, 40, 5)",relu,sgd,0.4832930238571752,0.631578947368421
597,nn_regressor,"(100, 50, 25, 10)",relu,adam,2.9763514416313193,0.631578947368421
596,nn_regressor,"(100, 50, 25, 10)",relu,adam,1.623776739188721,0.631578947368421
595,nn_regressor,"(100, 50, 25, 10)",relu,adam,0.8858667904100823,0.631578947368421
593,nn_regressor,"(100, 50, 25, 10)",relu,adam,0.26366508987303583,0.631578947368421
700,nn_regressor,"(100, 50, 25, 10)",tanh,adam,0.0001,0.631578947368421
701,nn_regressor,"(100, 50, 25, 10)",tanh,adam,0.00018329807108324357,0.631578947368421
96,nn_regressor,"(80, 20, 40, 5)",relu,sgd,1.623776739188721,0.631578947368421
842,nn_regressor,"(200, 100, 50, 25)",logistic,lbfgs,0.0003359818286283781,0.631578947368421
591,nn_regressor,"(100, 50, 25, 10)",relu,adam,0.07847599703514607,0.631578947368421
588,nn_regressor,"(100, 50, 25, 10)",relu,adam,0.012742749857031334,0.631578947368421
587,nn_regressor,"(100, 50, 25, 10)",relu,adam,0.0069519279617756054,0.631578947368421
582,nn_regressor,"(100, 50, 25, 10)",relu,adam,0.0003359818286283781,0.631578947368421
580,nn_regressor,"(100, 50, 25, 10)",relu,adam,0.0001,0.631578947368421
541,nn_regressor,"(100, 50, 25, 10)",relu,lbfgs,0.00018329807108324357,0.631578947368421
127,nn_regressor,"(80, 20, 40, 5)",logistic,lbfgs,0.0069519279617756054,0.631578947368421
703,nn_regressor,"(100, 50, 25, 10)",tanh,adam,0.0006158482110660267,0.631578947368421
136,nn_regressor,"(80, 20, 40, 5)",logistic,lbfgs,1.623776739188721,0.631578947368421
471,nn_regressor,"(75, 30, 50, 10, 3)",tanh,adam,0.07847599703514607,0.631578947368421
470,nn_regressor,"(75, 30, 50, 10, 3)",tanh,adam,0.04281332398719392,0.631578947368421
469,nn_regressor,"(75, 30, 50, 10, 3)",tanh,adam,0.023357214690901212,0.631578947368421
468,nn_regressor,"(75, 30, 50, 10, 3)",tanh,adam,0.012742749857031334,0.631578947368421
702,nn_regressor,"(100, 50, 25, 10)",tanh,adam,0.0003359818286283781,0.631578947368421
716,nn_regressor,"(100, 50, 25, 10)",tanh,adam,1.623776739188721,0.631578947368421
704,nn_regressor,"(100, 50, 25, 10)",tanh,adam,0.0011288378916846883,0.631578947368421
705,nn_regressor,"(100, 50, 25, 10)",tanh,adam,0.00206913808111479,0.631578947368421
868,nn_regressor,"(200, 100, 50, 25)",logistic,sgd,0.012742749857031334,0.631578947368421
867,nn_regressor,"(200, 100, 50, 25)",logistic,sgd,0.0069519279617756054,0.631578947368421
866,nn_regressor,"(200, 100, 50, 25)",logistic,sgd,0.00379269019073225,0.631578947368421
865,nn_regressor,"(200, 100, 50, 25)",logistic,sgd,0.00206913808111479,0.631578947368421
466,nn_regressor,"(75, 30, 50, 10, 3)",tanh,adam,0.00379269019073225,0.631578947368421
864,nn_regressor,"(200, 100, 50, 25)",logistic,sgd,0.0011288378916846883,0.631578947368421
863,nn_regressor,"(200, 100, 50, 25)",logistic,sgd,0.0006158482110660267,0.631578947368421
862,nn_regressor,"(200, 100, 50, 25)",logistic,sgd,0.0003359818286283781,0.631578947368421
861,nn_regressor,"(200, 100, 50, 25)",logistic,sgd,0.00018329807108324357,0.631578947368421
860,nn_regressor,"(200, 100, 50, 25)",logistic,sgd,0.0001,0.631578947368421
857,nn_regressor,"(200, 100, 50, 25)",logistic,lbfgs,2.9763514416313193,0.631578947368421
853,nn_regressor,"(200, 100, 50, 25)",logistic,lbfgs,0.26366508987303583,0.631578947368421
851,nn_regressor,"(200, 100, 50, 25)",logistic,lbfgs,0.07847599703514607,0.631578947368421
849,nn_regressor,"(200, 100, 50, 25)",logistic,lbfgs,0.023357214690901212,0.631578947368421
847,nn_regressor,"(200, 100, 50, 25)",logistic,lbfgs,0.0069519279617756054,0.631578947368421
846,nn_regressor,"(200, 100, 50, 25)",logistic,lbfgs,0.00379269019073225,0.631578947368421
845,nn_regressor,"(200, 100, 50, 25)",logistic,lbfgs,0.00206913808111479,0.631578947368421
843,nn_regressor,"(200, 100, 50, 25)",logistic,lbfgs,0.0006158482110660267,0.631578947368421
836,nn_regressor,"(200, 100, 50, 25)",relu,adam,1.623776739188721,0.631578947368421
838,nn_regressor,"(200, 100, 50, 25)",relu,adam,5.455594781168514,0.631578947368421
840,nn_regressor,"(200, 100, 50, 25)",logistic,lbfgs,0.0001,0.631578947368421
869,nn_regressor,"(200, 100, 50, 25)",logistic,sgd,0.023357214690901212,0.631578947368421
870,nn_regressor,"(200, 100, 50, 25)",logistic,sgd,0.04281332398719392,0.631578947368421
871,nn_regressor,"(200, 100, 50, 25)",logistic,sgd,0.07847599703514607,0.631578947368421
957,nn_regressor,"(200, 100, 50, 25)",tanh,adam,2.9763514416313193,0.631578947368421
706,nn_regressor,"(100, 50, 25, 10)",tanh,adam,0.00379269019073225,0.631578947368421
707,nn_regressor,"(100, 50, 25, 10)",tanh,adam,0.0069519279617756054,0.631578947368421
708,nn_regressor,"(100, 50, 25, 10)",tanh,adam,0.012742749857031334,0.631578947368421
709,nn_regressor,"(100, 50, 25, 10)",tanh,adam,0.023357214690901212,0.631578947368421
713,nn_regressor,"(100, 50, 25, 10)",tanh,adam,0.26366508987303583,0.631578947368421
714,nn_regressor,"(100, 50, 25, 10)",tanh,adam,0.4832930238571752,0.631578947368421
715,nn_regressor,"(100, 50, 25, 10)",tanh,adam,0.8858667904100823,0.631578947368421
841,nn_regressor,"(200, 100, 50, 25)",logistic,lbfgs,0.00018329807108324357,0.631578947368421
958,nn_regressor,"(200, 100, 50, 25)",tanh,adam,5.455594781168514,0.631578947368421
895,nn_regressor,"(200, 100, 50, 25)",logistic,adam,0.8858667904100823,0.631578947368421
872,nn_regressor,"(200, 100, 50, 25)",logistic,sgd,0.14384498882876628,0.631578947368421
894,nn_regressor,"(200, 100, 50, 25)",logistic,adam,0.4832930238571752,0.631578947368421
893,nn_regressor,"(200, 100, 50, 25)",logistic,adam,0.26366508987303583,0.631578947368421
892,nn_regressor,"(200, 100, 50, 25)",logistic,adam,0.14384498882876628,0.631578947368421
891,nn_regressor,"(200, 100, 50, 25)",logistic,adam,0.07847599703514607,0.631578947368421
890,nn_regressor,"(200, 100, 50, 25)",logistic,adam,0.04281332398719392,0.631578947368421
889,nn_regressor,"(200, 100, 50, 25)",logistic,adam,0.023357214690901212,0.631578947368421
875,nn_regressor,"(200, 100, 50, 25)",logistic,sgd,0.8858667904100823,0.631578947368421
874,nn_regressor,"(200, 100, 50, 25)",logistic,sgd,0.4832930238571752,0.631578947368421
873,nn_regressor,"(200, 100, 50, 25)",logistic,sgd,0.26366508987303583,0.631578947368421
467,nn_regressor,"(75, 30, 50, 10, 3)",tanh,adam,0.0069519279617756054,0.631578947368421
959,nn_regressor,"(200, 100, 50, 25)",tanh,adam,10.0,0.631578947368421
465,nn_regressor,"(75, 30, 50, 10, 3)",tanh,adam,0.00206913808111479,0.631578947368421
239,nn_regressor,"(80, 20, 40, 5)",tanh,adam,10.0,0.631578947368421
338,nn_regressor,"(75, 30, 50, 10, 3)",relu,sgd,5.455594781168514,0.631578947368421
433,nn_regressor,"(75, 30, 50, 10, 3)",tanh,lbfgs,0.26366508987303583,0.631578947368421
360,nn_regressor,"(75, 30, 50, 10, 3)",logistic,lbfgs,0.0001,0.631578947368421
458,nn_regressor,"(75, 30, 50, 10, 3)",tanh,sgd,5.455594781168514,0.631578947368421
372,nn_regressor,"(75, 30, 50, 10, 3)",logistic,lbfgs,0.14384498882876628,0.631578947368421
460,nn_regressor,"(75, 30, 50, 10, 3)",tanh,adam,0.0001,0.631578947368421
374,nn_regressor,"(75, 30, 50, 10, 3)",logistic,lbfgs,0.4832930238571752,0.631578947368421
376,nn_regressor,"(75, 30, 50, 10, 3)",logistic,lbfgs,1.623776739188721,0.631578947368421
367,nn_regressor,"(75, 30, 50, 10, 3)",logistic,lbfgs,0.0069519279617756054,0.631578947368421
464,nn_regressor,"(75, 30, 50, 10, 3)",tanh,adam,0.0011288378916846883,0.631578947368421
462,nn_regressor,"(75, 30, 50, 10, 3)",tanh,adam,0.0003359818286283781,0.631578947368421
238,nn_regressor,"(80, 20, 40, 5)",tanh,adam,5.455594781168514,0.631578947368421
218,nn_regressor,"(80, 20, 40, 5)",tanh,sgd,5.455594781168514,0.631578947368421
237,nn_regressor,"(80, 20, 40, 5)",tanh,adam,2.9763514416313193,0.631578947368421
461,nn_regressor,"(75, 30, 50, 10, 3)",tanh,adam,0.00018329807108324357,0.631578947368421
463,nn_regressor,"(75, 30, 50, 10, 3)",tanh,adam,0.0006158482110660267,0.631578947368421
97,nn_regressor,"(80, 20, 40, 5)",relu,sgd,2.9763514416313193,0.5789473684210527
581,nn_regressor,"(100, 50, 25, 10)",relu,adam,0.00018329807108324357,0.5789473684210527
434,nn_regressor,"(75, 30, 50, 10, 3)",tanh,lbfgs,0.4832930238571752,0.5789473684210527
93,nn_regressor,"(80, 20, 40, 5)",relu,sgd,0.26366508987303583,0.5789473684210527
578,nn_regressor,"(100, 50, 25, 10)",relu,sgd,5.455594781168514,0.5789473684210527
95,nn_regressor,"(80, 20, 40, 5)",relu,sgd,0.8858667904100823,0.5789473684210527
576,nn_regressor,"(100, 50, 25, 10)",relu,sgd,1.623776739188721,0.5789473684210527
574,nn_regressor,"(100, 50, 25, 10)",relu,sgd,0.4832930238571752,0.5789473684210527
573,nn_regressor,"(100, 50, 25, 10)",relu,sgd,0.26366508987303583,0.5789473684210527
572,nn_regressor,"(100, 50, 25, 10)",relu,sgd,0.14384498882876628,0.5789473684210527
571,nn_regressor,"(100, 50, 25, 10)",relu,sgd,0.07847599703514607,0.5789473684210527
585,nn_regressor,"(100, 50, 25, 10)",relu,adam,0.00206913808111479,0.5789473684210527
579,nn_regressor,"(100, 50, 25, 10)",relu,sgd,10.0,0.5789473684210527
819,nn_regressor,"(200, 100, 50, 25)",relu,sgd,10.0,0.5789473684210527
568,nn_regressor,"(100, 50, 25, 10)",relu,sgd,0.012742749857031334,0.5789473684210527
567,nn_regressor,"(100, 50, 25, 10)",relu,sgd,0.0069519279617756054,0.5789473684210527
566,nn_regressor,"(100, 50, 25, 10)",relu,sgd,0.00379269019073225,0.5789473684210527
565,nn_regressor,"(100, 50, 25, 10)",relu,sgd,0.00206913808111479,0.5789473684210527
564,nn_regressor,"(100, 50, 25, 10)",relu,sgd,0.0011288378916846883,0.5789473684210527
424,nn_regressor,"(75, 30, 50, 10, 3)",tanh,lbfgs,0.0011288378916846883,0.5789473684210527
563,nn_regressor,"(100, 50, 25, 10)",relu,sgd,0.0006158482110660267,0.5789473684210527
561,nn_regressor,"(100, 50, 25, 10)",relu,sgd,0.00018329807108324357,0.5789473684210527
837,nn_regressor,"(200, 100, 50, 25)",relu,adam,2.9763514416313193,0.5789473684210527
81,nn_regressor,"(80, 20, 40, 5)",relu,sgd,0.00018329807108324357,0.5789473684210527
560,nn_regressor,"(100, 50, 25, 10)",relu,sgd,0.0001,0.5789473684210527
72,nn_regressor,"(80, 20, 40, 5)",relu,lbfgs,0.14384498882876628,0.5789473684210527
80,nn_regressor,"(80, 20, 40, 5)",relu,sgd,0.0001,0.5789473684210527
818,nn_regressor,"(200, 100, 50, 25)",relu,sgd,5.455594781168514,0.5789473684210527
92,nn_regressor,"(80, 20, 40, 5)",relu,sgd,0.14384498882876628,0.5789473684210527
429,nn_regressor,"(75, 30, 50, 10, 3)",tanh,lbfgs,0.023357214690901212,0.5789473684210527
432,nn_regressor,"(75, 30, 50, 10, 3)",tanh,lbfgs,0.14384498882876628,0.5789473684210527
362,nn_regressor,"(75, 30, 50, 10, 3)",logistic,lbfgs,0.0003359818286283781,0.5789473684210527
217,nn_regressor,"(80, 20, 40, 5)",tanh,sgd,2.9763514416313193,0.5789473684210527
236,nn_regressor,"(80, 20, 40, 5)",tanh,adam,1.623776739188721,0.5789473684210527
377,nn_regressor,"(75, 30, 50, 10, 3)",logistic,lbfgs,2.9763514416313193,0.5789473684210527
619,nn_regressor,"(100, 50, 25, 10)",logistic,lbfgs,10.0,0.5789473684210527
618,nn_regressor,"(100, 50, 25, 10)",logistic,lbfgs,5.455594781168514,0.5789473684210527
425,nn_regressor,"(75, 30, 50, 10, 3)",tanh,lbfgs,0.00206913808111479,0.5789473684210527
375,nn_regressor,"(75, 30, 50, 10, 3)",logistic,lbfgs,0.8858667904100823,0.5789473684210527
371,nn_regressor,"(75, 30, 50, 10, 3)",logistic,lbfgs,0.07847599703514607,0.5789473684210527
368,nn_regressor,"(75, 30, 50, 10, 3)",logistic,lbfgs,0.012742749857031334,0.5789473684210527
366,nn_regressor,"(75, 30, 50, 10, 3)",logistic,lbfgs,0.00379269019073225,0.5789473684210527
608,nn_regressor,"(100, 50, 25, 10)",logistic,lbfgs,0.012742749857031334,0.5789473684210527
365,nn_regressor,"(75, 30, 50, 10, 3)",logistic,lbfgs,0.00206913808111479,0.5789473684210527
364,nn_regressor,"(75, 30, 50, 10, 3)",logistic,lbfgs,0.0011288378916846883,0.5789473684210527
361,nn_regressor,"(75, 30, 50, 10, 3)",logistic,lbfgs,0.00018329807108324357,0.5789473684210527
99,nn_regressor,"(80, 20, 40, 5)",relu,sgd,10.0,0.5789473684210527
105,nn_regressor,"(80, 20, 40, 5)",relu,adam,0.00206913808111479,0.5789473684210527
104,nn_regressor,"(80, 20, 40, 5)",relu,adam,0.0011288378916846883,0.5789473684210527
599,nn_regressor,"(100, 50, 25, 10)",relu,adam,10.0,0.5789473684210527
598,nn_regressor,"(100, 50, 25, 10)",relu,adam,5.455594781168514,0.5789473684210527
103,nn_regressor,"(80, 20, 40, 5)",relu,adam,0.0006158482110660267,0.5789473684210527
102,nn_regressor,"(80, 20, 40, 5)",relu,adam,0.0003359818286283781,0.5789473684210527
801,nn_regressor,"(200, 100, 50, 25)",relu,sgd,0.00018329807108324357,0.5789473684210527
101,nn_regressor,"(80, 20, 40, 5)",relu,adam,0.00018329807108324357,0.5789473684210527
546,nn_regressor,"(100, 50, 25, 10)",relu,lbfgs,0.00379269019073225,0.5789473684210527
592,nn_regressor,"(100, 50, 25, 10)",relu,adam,0.14384498882876628,0.5789473684210527
100,nn_regressor,"(80, 20, 40, 5)",relu,adam,0.0001,0.5789473684210527
590,nn_regressor,"(100, 50, 25, 10)",relu,adam,0.04281332398719392,0.5789473684210527
589,nn_regressor,"(100, 50, 25, 10)",relu,adam,0.023357214690901212,0.5789473684210527
547,nn_regressor,"(100, 50, 25, 10)",relu,lbfgs,0.0069519279617756054,0.5789473684210527
839,nn_regressor,"(200, 100, 50, 25)",relu,adam,10.0,0.5789473684210527
844,nn_regressor,"(200, 100, 50, 25)",logistic,lbfgs,0.0011288378916846883,0.5789473684210527
199,nn_regressor,"(80, 20, 40, 5)",tanh,lbfgs,10.0,0.5789473684210527
859,nn_regressor,"(200, 100, 50, 25)",logistic,lbfgs,10.0,0.5789473684210527
126,nn_regressor,"(80, 20, 40, 5)",logistic,lbfgs,0.00379269019073225,0.5789473684210527
436,nn_regressor,"(75, 30, 50, 10, 3)",tanh,lbfgs,1.623776739188721,0.5789473684210527
437,nn_regressor,"(75, 30, 50, 10, 3)",tanh,lbfgs,2.9763514416313193,0.5789473684210527
660,nn_regressor,"(100, 50, 25, 10)",tanh,lbfgs,0.0001,0.5789473684210527
131,nn_regressor,"(80, 20, 40, 5)",logistic,lbfgs,0.07847599703514607,0.5789473684210527
712,nn_regressor,"(100, 50, 25, 10)",tanh,adam,0.14384498882876628,0.5789473684210527
711,nn_regressor,"(100, 50, 25, 10)",tanh,adam,0.07847599703514607,0.5789473684210527
438,nn_regressor,"(75, 30, 50, 10, 3)",tanh,lbfgs,5.455594781168514,0.5789473684210527
137,nn_regressor,"(80, 20, 40, 5)",logistic,lbfgs,2.9763514416313193,0.5789473684210527
138,nn_regressor,"(80, 20, 40, 5)",logistic,lbfgs,5.455594781168514,0.5789473684210527
139,nn_regressor,"(80, 20, 40, 5)",logistic,lbfgs,10.0,0.5789473684210527
439,nn_regressor,"(75, 30, 50, 10, 3)",tanh,lbfgs,10.0,0.5789473684210527
420,nn_regressor,"(75, 30, 50, 10, 3)",tanh,lbfgs,0.0001,0.5789473684210527
856,nn_regressor,"(200, 100, 50, 25)",logistic,lbfgs,1.623776739188721,0.5789473684210527
699,nn_regressor,"(100, 50, 25, 10)",tanh,sgd,10.0,0.5789473684210527
698,nn_regressor,"(100, 50, 25, 10)",tanh,sgd,5.455594781168514,0.5789473684210527
190,nn_regressor,"(80, 20, 40, 5)",tanh,lbfgs,0.04281332398719392,0.5789473684210527
188,nn_regressor,"(80, 20, 40, 5)",tanh,lbfgs,0.012742749857031334,0.5789473684210527
454,nn_regressor,"(75, 30, 50, 10, 3)",tanh,sgd,0.4832930238571752,0.5789473684210527
455,nn_regressor,"(75, 30, 50, 10, 3)",tanh,sgd,0.8858667904100823,0.5789473684210527
456,nn_regressor,"(75, 30, 50, 10, 3)",tanh,sgd,1.623776739188721,0.5789473684210527
457,nn_regressor,"(75, 30, 50, 10, 3)",tanh,sgd,2.9763514416313193,0.5789473684210527
937,nn_regressor,"(200, 100, 50, 25)",tanh,sgd,2.9763514416313193,0.5789473684210527
938,nn_regressor,"(200, 100, 50, 25)",tanh,sgd,5.455594781168514,0.5789473684210527
939,nn_regressor,"(200, 100, 50, 25)",tanh,sgd,10.0,0.5789473684210527
956,nn_regressor,"(200, 100, 50, 25)",tanh,adam,1.623776739188721,0.5789473684210527
472,nn_regressor,"(75, 30, 50, 10, 3)",tanh,adam,0.14384498882876628,0.5789473684210527
858,nn_regressor,"(200, 100, 50, 25)",logistic,lbfgs,5.455594781168514,0.5789473684210527
134,nn_regressor,"(80, 20, 40, 5)",logistic,lbfgs,0.4832930238571752,0.5789473684210527
122,nn_regressor,"(80, 20, 40, 5)",logistic,lbfgs,0.0003359818286283781,0.5789473684210527
107,nn_regressor,"(80, 20, 40, 5)",relu,adam,0.0069519279617756054,0.5789473684210527
108,nn_regressor,"(80, 20, 40, 5)",relu,adam,0.012742749857031334,0.5789473684210527
850,nn_regressor,"(200, 100, 50, 25)",logistic,lbfgs,0.04281332398719392,0.5789473684210527
852,nn_regressor,"(200, 100, 50, 25)",logistic,lbfgs,0.14384498882876628,0.5789473684210527
109,nn_regressor,"(80, 20, 40, 5)",relu,adam,0.023357214690901212,0.5789473684210527
106,nn_regressor,"(80, 20, 40, 5)",relu,adam,0.00379269019073225,0.5789473684210527
435,nn_regressor,"(75, 30, 50, 10, 3)",tanh,lbfgs,0.8858667904100823,0.5789473684210527
110,nn_regressor,"(80, 20, 40, 5)",relu,adam,0.04281332398719392,0.5789473684210527
111,nn_regressor,"(80, 20, 40, 5)",relu,adam,0.07847599703514607,0.5789473684210527
112,nn_regressor,"(80, 20, 40, 5)",relu,adam,0.14384498882876628,0.5789473684210527
113,nn_regressor,"(80, 20, 40, 5)",relu,adam,0.26366508987303583,0.5789473684210527
114,nn_regressor,"(80, 20, 40, 5)",relu,adam,0.4832930238571752,0.5789473684210527
115,nn_regressor,"(80, 20, 40, 5)",relu,adam,0.8858667904100823,0.5789473684210527
116,nn_regressor,"(80, 20, 40, 5)",relu,adam,1.623776739188721,0.5789473684210527
117,nn_regressor,"(80, 20, 40, 5)",relu,adam,2.9763514416313193,0.5789473684210527
118,nn_regressor,"(80, 20, 40, 5)",relu,adam,5.455594781168514,0.5789473684210527
119,nn_regressor,"(80, 20, 40, 5)",relu,adam,10.0,0.5789473684210527
120,nn_regressor,"(80, 20, 40, 5)",logistic,lbfgs,0.0001,0.5789473684210527
848,nn_regressor,"(200, 100, 50, 25)",logistic,lbfgs,0.012742749857031334,0.5789473684210527
121,nn_regressor,"(80, 20, 40, 5)",logistic,lbfgs,0.00018329807108324357,0.5789473684210527
692,nn_regressor,"(100, 50, 25, 10)",tanh,sgd,0.14384498882876628,0.5263157894736842
693,nn_regressor,"(100, 50, 25, 10)",tanh,sgd,0.26366508987303583,0.5263157894736842
209,nn_regressor,"(80, 20, 40, 5)",tanh,sgd,0.023357214690901212,0.5263157894736842
687,nn_regressor,"(100, 50, 25, 10)",tanh,sgd,0.0069519279617756054,0.5263157894736842
691,nn_regressor,"(100, 50, 25, 10)",tanh,sgd,0.07847599703514607,0.5263157894736842
690,nn_regressor,"(100, 50, 25, 10)",tanh,sgd,0.04281332398719392,0.5263157894736842
212,nn_regressor,"(80, 20, 40, 5)",tanh,sgd,0.14384498882876628,0.5263157894736842
689,nn_regressor,"(100, 50, 25, 10)",tanh,sgd,0.023357214690901212,0.5263157894736842
688,nn_regressor,"(100, 50, 25, 10)",tanh,sgd,0.012742749857031334,0.5263157894736842
686,nn_regressor,"(100, 50, 25, 10)",tanh,sgd,0.00379269019073225,0.5263157894736842
208,nn_regressor,"(80, 20, 40, 5)",tanh,sgd,0.012742749857031334,0.5263157894736842
694,nn_regressor,"(100, 50, 25, 10)",tanh,sgd,0.4832930238571752,0.5263157894736842
697,nn_regressor,"(100, 50, 25, 10)",tanh,sgd,2.9763514416313193,0.5263157894736842
211,nn_regressor,"(80, 20, 40, 5)",tanh,sgd,0.07847599703514607,0.5263157894736842
203,nn_regressor,"(80, 20, 40, 5)",tanh,sgd,0.0006158482110660267,0.5263157894736842
62,nn_regressor,"(80, 20, 40, 5)",relu,lbfgs,0.0003359818286283781,0.5263157894736842
61,nn_regressor,"(80, 20, 40, 5)",relu,lbfgs,0.00018329807108324357,0.5263157894736842
214,nn_regressor,"(80, 20, 40, 5)",tanh,sgd,0.4832930238571752,0.5263157894736842
710,nn_regressor,"(100, 50, 25, 10)",tanh,adam,0.04281332398719392,0.5263157894736842
205,nn_regressor,"(80, 20, 40, 5)",tanh,sgd,0.00206913808111479,0.5263157894736842
204,nn_regressor,"(80, 20, 40, 5)",tanh,sgd,0.0011288378916846883,0.5263157894736842
66,nn_regressor,"(80, 20, 40, 5)",relu,lbfgs,0.00379269019073225,0.5263157894736842
207,nn_regressor,"(80, 20, 40, 5)",tanh,sgd,0.0069519279617756054,0.5263157894736842
210,nn_regressor,"(80, 20, 40, 5)",tanh,sgd,0.04281332398719392,0.5263157894736842
696,nn_regressor,"(100, 50, 25, 10)",tanh,sgd,1.623776739188721,0.5263157894736842
69,nn_regressor,"(80, 20, 40, 5)",relu,lbfgs,0.023357214690901212,0.5263157894736842
695,nn_regressor,"(100, 50, 25, 10)",tanh,sgd,0.8858667904100823,0.5263157894736842
75,nn_regressor,"(80, 20, 40, 5)",relu,lbfgs,0.8858667904100823,0.5263157894736842
78,nn_regressor,"(80, 20, 40, 5)",relu,lbfgs,5.455594781168514,0.5263157894736842
213,nn_regressor,"(80, 20, 40, 5)",tanh,sgd,0.26366508987303583,0.5263157894736842
809,nn_regressor,"(200, 100, 50, 25)",relu,sgd,0.023357214690901212,0.5263157894736842
215,nn_regressor,"(80, 20, 40, 5)",tanh,sgd,0.8858667904100823,0.5263157894736842
835,nn_regressor,"(200, 100, 50, 25)",relu,adam,0.8858667904100823,0.5263157894736842
920,nn_regressor,"(200, 100, 50, 25)",tanh,sgd,0.0001,0.5263157894736842
921,nn_regressor,"(200, 100, 50, 25)",tanh,sgd,0.00018329807108324357,0.5263157894736842
922,nn_regressor,"(200, 100, 50, 25)",tanh,sgd,0.0003359818286283781,0.5263157894736842
923,nn_regressor,"(200, 100, 50, 25)",tanh,sgd,0.0006158482110660267,0.5263157894736842
924,nn_regressor,"(200, 100, 50, 25)",tanh,sgd,0.0011288378916846883,0.5263157894736842
925,nn_regressor,"(200, 100, 50, 25)",tanh,sgd,0.00206913808111479,0.5263157894736842
926,nn_regressor,"(200, 100, 50, 25)",tanh,sgd,0.00379269019073225,0.5263157894736842
927,nn_regressor,"(200, 100, 50, 25)",tanh,sgd,0.0069519279617756054,0.5263157894736842
928,nn_regressor,"(200, 100, 50, 25)",tanh,sgd,0.012742749857031334,0.5263157894736842
929,nn_regressor,"(200, 100, 50, 25)",tanh,sgd,0.023357214690901212,0.5263157894736842
930,nn_regressor,"(200, 100, 50, 25)",tanh,sgd,0.04281332398719392,0.5263157894736842
931,nn_regressor,"(200, 100, 50, 25)",tanh,sgd,0.07847599703514607,0.5263157894736842
932,nn_regressor,"(200, 100, 50, 25)",tanh,sgd,0.14384498882876628,0.5263157894736842
933,nn_regressor,"(200, 100, 50, 25)",tanh,sgd,0.26366508987303583,0.5263157894736842
934,nn_regressor,"(200, 100, 50, 25)",tanh,sgd,0.4832930238571752,0.5263157894736842
935,nn_regressor,"(200, 100, 50, 25)",tanh,sgd,0.8858667904100823,0.5263157894736842
936,nn_regressor,"(200, 100, 50, 25)",tanh,sgd,1.623776739188721,0.5263157894736842
948,nn_regressor,"(200, 100, 50, 25)",tanh,adam,0.012742749857031334,0.5263157894736842
949,nn_regressor,"(200, 100, 50, 25)",tanh,adam,0.023357214690901212,0.5263157894736842
950,nn_regressor,"(200, 100, 50, 25)",tanh,adam,0.04281332398719392,0.5263157894736842
953,nn_regressor,"(200, 100, 50, 25)",tanh,adam,0.26366508987303583,0.5263157894736842
954,nn_regressor,"(200, 100, 50, 25)",tanh,adam,0.4832930238571752,0.5263157894736842
955,nn_regressor,"(200, 100, 50, 25)",tanh,adam,0.8858667904100823,0.5263157894736842
854,nn_regressor,"(200, 100, 50, 25)",logistic,lbfgs,0.4832930238571752,0.5263157894736842
828,nn_regressor,"(200, 100, 50, 25)",relu,adam,0.012742749857031334,0.5263157894736842
216,nn_regressor,"(80, 20, 40, 5)",tanh,sgd,1.623776739188721,0.5263157894736842
826,nn_regressor,"(200, 100, 50, 25)",relu,adam,0.00379269019073225,0.5263157894736842
378,nn_regressor,"(75, 30, 50, 10, 3)",logistic,lbfgs,5.455594781168514,0.5263157894736842
370,nn_regressor,"(75, 30, 50, 10, 3)",logistic,lbfgs,0.04281332398719392,0.5263157894736842
781,nn_regressor,"(200, 100, 50, 25)",relu,lbfgs,0.00018329807108324357,0.5263157894736842
782,nn_regressor,"(200, 100, 50, 25)",relu,lbfgs,0.0003359818286283781,0.5263157894736842
794,nn_regressor,"(200, 100, 50, 25)",relu,lbfgs,0.4832930238571752,0.5263157894736842
796,nn_regressor,"(200, 100, 50, 25)",relu,lbfgs,1.623776739188721,0.5263157894736842
800,nn_regressor,"(200, 100, 50, 25)",relu,sgd,0.0001,0.5263157894736842
802,nn_regressor,"(200, 100, 50, 25)",relu,sgd,0.0003359818286283781,0.5263157894736842
803,nn_regressor,"(200, 100, 50, 25)",relu,sgd,0.0006158482110660267,0.5263157894736842
804,nn_regressor,"(200, 100, 50, 25)",relu,sgd,0.0011288378916846883,0.5263157894736842
805,nn_regressor,"(200, 100, 50, 25)",relu,sgd,0.00206913808111479,0.5263157894736842
806,nn_regressor,"(200, 100, 50, 25)",relu,sgd,0.00379269019073225,0.5263157894736842
807,nn_regressor,"(200, 100, 50, 25)",relu,sgd,0.0069519279617756054,0.5263157894736842
808,nn_regressor,"(200, 100, 50, 25)",relu,sgd,0.012742749857031334,0.5263157894736842
684,nn_regressor,"(100, 50, 25, 10)",tanh,sgd,0.0011288378916846883,0.5263157894736842
810,nn_regressor,"(200, 100, 50, 25)",relu,sgd,0.04281332398719392,0.5263157894736842
811,nn_regressor,"(200, 100, 50, 25)",relu,sgd,0.07847599703514607,0.5263157894736842
812,nn_regressor,"(200, 100, 50, 25)",relu,sgd,0.14384498882876628,0.5263157894736842
813,nn_regressor,"(200, 100, 50, 25)",relu,sgd,0.26366508987303583,0.5263157894736842
814,nn_regressor,"(200, 100, 50, 25)",relu,sgd,0.4832930238571752,0.5263157894736842
815,nn_regressor,"(200, 100, 50, 25)",relu,sgd,0.8858667904100823,0.5263157894736842
816,nn_regressor,"(200, 100, 50, 25)",relu,sgd,1.623776739188721,0.5263157894736842
817,nn_regressor,"(200, 100, 50, 25)",relu,sgd,2.9763514416313193,0.5263157894736842
685,nn_regressor,"(100, 50, 25, 10)",tanh,sgd,0.00206913808111479,0.5263157894736842
206,nn_regressor,"(80, 20, 40, 5)",tanh,sgd,0.00379269019073225,0.5263157894736842
683,nn_regressor,"(100, 50, 25, 10)",tanh,sgd,0.0006158482110660267,0.5263157894736842
604,nn_regressor,"(100, 50, 25, 10)",logistic,lbfgs,0.0011288378916846883,0.5263157894736842
584,nn_regressor,"(100, 50, 25, 10)",relu,adam,0.0011288378916846883,0.5263157894736842
586,nn_regressor,"(100, 50, 25, 10)",relu,adam,0.00379269019073225,0.5263157894736842
202,nn_regressor,"(80, 20, 40, 5)",tanh,sgd,0.0003359818286283781,0.5263157894736842
430,nn_regressor,"(75, 30, 50, 10, 3)",tanh,lbfgs,0.04281332398719392,0.5263157894736842
594,nn_regressor,"(100, 50, 25, 10)",relu,adam,0.4832930238571752,0.5263157894736842
428,nn_regressor,"(75, 30, 50, 10, 3)",tanh,lbfgs,0.012742749857031334,0.5263157894736842
600,nn_regressor,"(100, 50, 25, 10)",logistic,lbfgs,0.0001,0.5263157894736842
603,nn_regressor,"(100, 50, 25, 10)",logistic,lbfgs,0.0006158482110660267,0.5263157894736842
605,nn_regressor,"(100, 50, 25, 10)",logistic,lbfgs,0.00206913808111479,0.5263157894736842
577,nn_regressor,"(100, 50, 25, 10)",relu,sgd,2.9763514416313193,0.5263157894736842
606,nn_regressor,"(100, 50, 25, 10)",logistic,lbfgs,0.00379269019073225,0.5263157894736842
609,nn_regressor,"(100, 50, 25, 10)",logistic,lbfgs,0.023357214690901212,0.5263157894736842
612,nn_regressor,"(100, 50, 25, 10)",logistic,lbfgs,0.14384498882876628,0.5263157894736842
613,nn_regressor,"(100, 50, 25, 10)",logistic,lbfgs,0.26366508987303583,0.5263157894736842
614,nn_regressor,"(100, 50, 25, 10)",logistic,lbfgs,0.4832930238571752,0.5263157894736842
615,nn_regressor,"(100, 50, 25, 10)",logistic,lbfgs,0.8858667904100823,0.5263157894736842
616,nn_regressor,"(100, 50, 25, 10)",logistic,lbfgs,1.623776739188721,0.5263157894736842
423,nn_regressor,"(75, 30, 50, 10, 3)",tanh,lbfgs,0.0006158482110660267,0.5263157894736842
583,nn_regressor,"(100, 50, 25, 10)",relu,adam,0.0006158482110660267,0.5263157894736842
575,nn_regressor,"(100, 50, 25, 10)",relu,sgd,0.8858667904100823,0.5263157894736842
90,nn_regressor,"(80, 20, 40, 5)",relu,sgd,0.04281332398719392,0.5263157894736842
130,nn_regressor,"(80, 20, 40, 5)",logistic,lbfgs,0.04281332398719392,0.5263157894736842
473,nn_regressor,"(75, 30, 50, 10, 3)",tanh,adam,0.26366508987303583,0.5263157894736842
476,nn_regressor,"(75, 30, 50, 10, 3)",tanh,adam,1.623776739188721,0.5263157894736842
191,nn_regressor,"(80, 20, 40, 5)",tanh,lbfgs,0.07847599703514607,0.5263157894736842
196,nn_regressor,"(80, 20, 40, 5)",tanh,lbfgs,1.623776739188721,0.5263157894736842
200,nn_regressor,"(80, 20, 40, 5)",tanh,sgd,0.0001,0.5263157894736842
201,nn_regressor,"(80, 20, 40, 5)",tanh,sgd,0.00018329807108324357,0.5263157894736842
135,nn_regressor,"(80, 20, 40, 5)",logistic,lbfgs,0.8858667904100823,0.5263157894736842
132,nn_regressor,"(80, 20, 40, 5)",logistic,lbfgs,0.14384498882876628,0.5263157894736842
123,nn_regressor,"(80, 20, 40, 5)",logistic,lbfgs,0.0006158482110660267,0.5263157894736842
570,nn_regressor,"(100, 50, 25, 10)",relu,sgd,0.04281332398719392,0.5263157894736842
543,nn_regressor,"(100, 50, 25, 10)",relu,lbfgs,0.0006158482110660267,0.5263157894736842
550,nn_regressor,"(100, 50, 25, 10)",relu,lbfgs,0.04281332398719392,0.5263157894736842
552,nn_regressor,"(100, 50, 25, 10)",relu,lbfgs,0.14384498882876628,0.5263157894736842
682,nn_regressor,"(100, 50, 25, 10)",tanh,sgd,0.0003359818286283781,0.5263157894736842
554,nn_regressor,"(100, 50, 25, 10)",relu,lbfgs,0.4832930238571752,0.5263157894736842
555,nn_regressor,"(100, 50, 25, 10)",relu,lbfgs,0.8858667904100823,0.5263157894736842
562,nn_regressor,"(100, 50, 25, 10)",relu,sgd,0.0003359818286283781,0.5263157894736842
569,nn_regressor,"(100, 50, 25, 10)",relu,sgd,0.023357214690901212,0.5263157894736842
91,nn_regressor,"(80, 20, 40, 5)",relu,sgd,0.07847599703514607,0.5263157894736842
617,nn_regressor,"(100, 50, 25, 10)",logistic,lbfgs,2.9763514416313193,0.5263157894736842
83,nn_regressor,"(80, 20, 40, 5)",relu,sgd,0.0006158482110660267,0.5263157894736842
665,nn_regressor,"(100, 50, 25, 10)",tanh,lbfgs,0.00206913808111479,0.5263157894736842
88,nn_regressor,"(80, 20, 40, 5)",relu,sgd,0.012742749857031334,0.5263157894736842
669,nn_regressor,"(100, 50, 25, 10)",tanh,lbfgs,0.023357214690901212,0.5263157894736842
87,nn_regressor,"(80, 20, 40, 5)",relu,sgd,0.0069519279617756054,0.5263157894736842
86,nn_regressor,"(80, 20, 40, 5)",relu,sgd,0.00379269019073225,0.5263157894736842
85,nn_regressor,"(80, 20, 40, 5)",relu,sgd,0.00206913808111479,0.5263157894736842
666,nn_regressor,"(100, 50, 25, 10)",tanh,lbfgs,0.00379269019073225,0.5263157894736842
84,nn_regressor,"(80, 20, 40, 5)",relu,sgd,0.0011288378916846883,0.5263157894736842
681,nn_regressor,"(100, 50, 25, 10)",tanh,sgd,0.00018329807108324357,0.5263157894736842
680,nn_regressor,"(100, 50, 25, 10)",tanh,sgd,0.0001,0.5263157894736842
82,nn_regressor,"(80, 20, 40, 5)",relu,sgd,0.0003359818286283781,0.5263157894736842
89,nn_regressor,"(80, 20, 40, 5)",relu,sgd,0.023357214690901212,0.5263157894736842
