driver,time,lapNum,s1,s2,s3,spI1,spI2,SpeedFL,spst,isPB,compound,tyrelife,isFresh,Stint,trackStatus,isAccurate,season,round
33,90.577,8,28.648,39.201,22.728,244.0,268.0,286.0,317.0,True,SOFT,2.0,True,4,1,True,2021,1
44,91.316,8,28.722,39.801,22.793,239.0,264.0,290.0,320.0,True,SOFT,2.0,True,3,1,True,2021,1
10,91.583,9,28.951,39.68,22.951999999999998,242.0,270.0,289.0,321.0,True,SOFT,2.0,True,3,1,True,2021,1
77,91.855,12,28.982,39.931,22.942,235.0,260.0,289.0,320.0,True,SOFT,2.0,True,3,1,True,2021,1
11,91.908,9,29.106,40.01,22.792,242.0,267.0,288.0,317.0,True,SOFT,2.0,True,3,1,True,2021,1
55,92.108,9,29.186,39.885,23.037,240.0,265.0,289.0,317.0,True,MEDIUM,2.0,True,4,1,True,2021,1
7,92.224,11,29.007,39.995,23.222,240.0,266.0,286.0,319.0,True,SOFT,2.0,True,4,1,True,2021,1
31,92.423,8,29.195,40.09,23.138,240.0,267.0,286.0,319.0,True,SOFT,2.0,True,2,1,True,2021,1
18,92.431,12,29.119,39.997,23.315,241.0,262.0,291.0,321.0,True,SOFT,2.0,True,3,1,True,2021,1
3,92.477,7,29.147,40.097,23.233,241.0,267.0,290.0,324.0,True,SOFT,2.0,True,2,1,True,2021,1
16,92.482,10,29.215,40.216,23.051,242.0,266.0,291.0,318.0,True,MEDIUM,2.0,True,2,1,True,2021,1
99,92.5,9,28.972,40.144,23.384,242.0,267.0,292.0,326.0,True,SOFT,2.0,True,4,1,True,2021,1
22,92.709,11,29.357,40.137,23.215,241.0,267.0,287.0,321.0,True,SOFT,3.0,True,4,1,True,2021,1
5,92.755,11,29.333,40.194,23.228,240.0,265.0,286.0,319.0,True,SOFT,2.0,True,3,1,True,2021,1
14,92.82,12,29.247,40.273,23.3,239.0,266.0,288.0,322.0,True,SOFT,2.0,True,4,1,True,2021,1
4,92.86,7,29.501,40.055,23.304,242.0,268.0,289.0,321.0,True,SOFT,2.0,True,2,1,True,2021,1
63,93.323,8,29.361,40.72,23.242,237.0,261.0,291.0,324.0,True,SOFT,2.0,True,3,1,True,2021,1
47,93.422,9,29.424,40.435,23.563,238.0,265.0,288.0,320.0,True,SOFT,2.0,True,3,1,True,2021,1
9,93.622,9,29.576,40.649,23.397,241.0,264.0,289.0,317.0,True,SOFT,9.0,False,2,1,True,2021,1
6,93.959,10,29.631,40.949,23.379,232.0,260.0,289.0,321.0,True,SOFT,2.0,True,5,1,True,2021,1
33,74.958,12,24.041,25.836,25.081,232.0,258.0,281.0,288.0,True,SOFT,2.0,True,4,1,True,2021,2
4,75.414,12,23.917,26.06,25.437,234.0,257.0,282.0,284.0,True,SOFT,4.0,True,3,1,True,2021,2
44,75.515,9,24.037,26.134,25.344,231.0,256.0,282.0,288.0,True,SOFT,2.0,True,3,1,True,2021,2
11,75.551,15,24.088,26.052,25.411,232.0,259.0,283.0,287.0,True,SOFT,5.0,False,5,1,True,2021,2
16,75.738,10,24.302,26.065,25.371,232.0,259.0,281.0,290.0,True,SOFT,2.0,True,2,1,True,2021,2
10,75.89,10,24.282,26.28,25.328,230.0,260.0,283.0,289.0,True,MEDIUM,10.0,False,2,1,True,2021,2
55,75.908,12,24.362,26.111,25.435,228.0,258.0,279.0,288.0,True,SOFT,4.0,True,3,1,True,2021,2
77,75.908,11,24.213,26.243,25.452,230.0,257.0,279.0,282.0,True,SOFT,3.0,True,3,1,True,2021,2
14,76.186,13,24.405,26.37,25.411,231.0,259.0,282.0,287.0,True,SOFT,4.0,True,2,1,True,2021,2
31,76.228,10,24.443,26.406,25.379,223.0,260.0,283.0,294.0,True,SOFT,2.0,True,2,1,True,2021,2
22,76.23,18,24.382,26.297,25.551,229.0,258.0,279.0,286.0,True,SOFT,6.0,True,4,1,True,2021,2
18,76.245,16,24.3,26.252,25.693,230.0,257.0,280.0,287.0,True,SOFT,5.0,True,4,1,True,2021,2
3,76.253,12,24.235,26.233,25.785,231.0,257.0,280.0,284.0,True,SOFT,6.0,True,2,2,True,2021,2
5,76.389,13,24.366,26.438,25.585,231.0,257.0,284.0,288.0,True,SOFT,2.0,True,4,1,True,2021,2
63,76.427,13,24.176,26.469,25.782,233.0,259.0,283.0,285.0,True,SOFT,4.0,True,3,1,True,2021,2
47,76.448,18,24.627,26.298,25.523,230.0,258.0,281.0,290.0,True,SOFT,4.0,True,3,1,True,2021,2
6,76.537,8,24.272,26.492,25.773,226.0,261.0,283.0,288.0,True,SOFT,4.0,True,2,2,True,2021,2
99,76.612,12,24.499,26.486,25.627,223.0,256.0,282.0,287.0,True,SOFT,2.0,True,3,1,True,2021,2
7,76.803,14,24.344,26.673000000000002,25.786,227.0,257.0,283.0,286.0,True,SOFT,4.0,True,3,1,True,2021,2
9,77.398,17,24.886,26.635,25.877,220.0,259.0,283.0,291.0,True,SOFT,2.0,True,3,1,True,2021,2
33,78.489,16,22.619,30.194,25.676,289.0,189.0,289.0,311.0,True,SOFT,6.0,True,3,1,True,2021,3
44,78.725,15,22.733,30.123,25.869,283.0,193.0,292.0,310.0,True,SOFT,4.0,True,4,1,True,2021,3
77,78.82,13,22.928,30.171,25.721,283.0,188.0,294.0,307.0,True,SOFT,3.0,True,4,1,True,2021,3
11,78.84,10,22.825,30.264,25.751,287.0,195.0,297.0,313.0,True,SOFT,5.0,True,2,2,True,2021,3
31,78.86,12,22.908,30.291,25.661,287.0,194.0,295.0,318.0,True,SOFT,4.0,True,2,1,True,2021,3
16,79.001,8,22.949,30.414,25.638,285.0,187.0,292.0,309.0,True,SOFT,8.0,True,1,2,True,2021,3
55,79.05,20,22.934,30.371,25.745,285.0,190.0,290.0,310.0,True,SOFT,9.0,True,3,1,True,2021,3
4,79.272,12,22.89,30.403,25.979,288.0,195.0,288.0,308.0,True,SOFT,3.0,True,3,1,True,2021,3
10,79.374,19,22.92,30.455,25.999,288.0,194.0,293.0,312.0,True,SOFT,7.0,True,3,1,True,2021,3
7,79.415,13,23.013,30.497,25.905,284.0,193.0,288.0,312.0,True,SOFT,2.0,True,3,1,True,2021,3
22,79.485,20,22.911,30.345,26.229,288.0,193.0,294.0,312.0,True,SOFT,8.0,True,4,1,True,2021,3
3,79.582,12,22.987,30.593,26.002,285.0,189.0,290.0,310.0,True,SOFT,3.0,True,3,1,True,2021,3
99,79.588,16,22.977,30.58,26.031,287.0,193.0,293.0,315.0,True,SOFT,6.0,True,3,1,True,2021,3
14,79.949,5,23.269,30.654,26.026,282.0,191.0,290.0,310.0,True,MEDIUM,5.0,True,1,1,True,2021,3
47,80.033,17,23.253,30.498,26.282,284.0,189.0,290.0,313.0,True,SOFT,3.0,True,3,1,True,2021,3
18,80.09,7,23.235,30.655,26.2,286.0,189.0,286.0,310.0,True,MEDIUM,6.0,True,2,1,True,2021,3
63,80.127,14,22.961,31.002,26.164,288.0,193.0,292.0,317.0,True,SOFT,6.0,True,3,1,True,2021,3
5,80.214,6,23.259,30.84,26.115,284.0,186.0,289.0,310.0,True,MEDIUM,5.0,True,2,1,True,2021,3
6,80.681,4,23.454,30.949,26.278,284.0,187.0,291.0,312.0,True,SOFT,4.0,True,1,1,True,2021,3
9,80.69,17,23.254,30.984,26.452,282.0,182.0,286.0,312.0,True,SOFT,2.0,True,3,1,True,2021,3
33,77.835,9,21.997,29.029,26.809,284.0,305.0,281.0,313.0,True,SOFT,2.0,True,4,1,True,2021,4
44,78.07,11,22.183,29.211,26.676,280.0,300.0,279.0,310.0,True,SOFT,5.0,False,4,1,True,2021,4
16,78.308,8,22.104,29.207,26.997,282.0,300.0,282.0,309.0,True,SOFT,2.0,True,3,1,True,2021,4
55,78.41,10,22.199,29.32,26.891,281.0,302.0,279.0,307.0,True,SOFT,2.0,True,3,1,True,2021,4
77,78.423,2,22.231,29.289,26.903,278.0,299.0,282.0,308.0,True,SOFT,2.0,True,1,1,True,2021,4
4,78.494,10,22.103,29.5,26.891,276.0,300.0,283.0,310.0,True,SOFT,3.0,True,2,1,True,2021,4
10,78.535,15,22.242,29.398,26.895,282.0,303.0,281.0,307.0,True,SOFT,5.0,True,3,1,True,2021,4
3,78.582,16,22.038,29.429,27.115,279.0,307.0,281.0,313.0,True,SOFT,2.0,True,5,1,True,2021,4
7,78.597,11,21.997,29.547,27.053,284.0,300.0,281.0,317.0,True,SOFT,2.0,True,3,1,True,2021,4
11,78.606,11,22.245,29.29,27.071,285.0,302.0,282.0,310.0,True,SOFT,2.0,True,3,2,True,2021,4
14,78.662,14,22.09,29.453,27.119,279.0,299.0,281.0,317.0,True,SOFT,2.0,True,3,1,True,2021,4
22,78.673,14,22.24,29.271,27.162,283.0,305.0,281.0,310.0,True,SOFT,2.0,True,3,2,True,2021,4
31,78.7,10,22.213,29.399,27.088,277.0,299.0,282.0,314.0,True,SOFT,2.0,True,3,1,True,2021,4
18,78.877,11,22.342,29.521,27.014,276.0,301.0,278.0,310.0,True,SOFT,2.0,True,2,1,True,2021,4
63,79.005,9,22.215,29.636,27.154,284.0,301.0,282.0,313.0,True,SOFT,2.0,True,4,1,True,2021,4
99,79.214,11,22.062,29.661,27.491,287.0,304.0,286.0,319.0,True,SOFT,2.0,True,3,1,True,2021,4
5,79.363,11,22.432,29.627,27.304,280.0,303.0,279.0,308.0,True,SOFT,2.0,True,2,1,True,2021,4
6,79.392,9,22.431,29.872,27.089,279.0,300.0,278.0,310.0,True,SOFT,2.0,True,4,1,True,2021,4
47,79.999,10,22.536,29.905,27.558,284.0,300.0,284.0,318.0,True,SOFT,2.0,True,3,2,True,2021,4
9,80.237,10,22.57,30.059,27.608,281.0,301.0,281.0,313.0,True,SOFT,2.0,True,3,2,True,2021,4
33,71.294,16,18.74,33.516,19.038,222.0,201.0,270.0,280.0,True,SOFT,5.0,True,2,1,True,2021,5
55,71.341,21,18.76,33.585,18.996,221.0,203.0,270.0,278.0,True,SOFT,5.0,True,3,2,True,2021,5
16,71.552,23,18.868,33.613,19.071,221.0,205.0,268.0,279.0,True,SOFT,6.0,False,4,1,True,2021,5
77,71.765,19,18.907,33.652,19.206,221.0,202.0,271.0,277.0,True,SOFT,7.0,False,3,1,True,2021,5
11,71.817,17,18.946,33.714,19.157,219.0,204.0,269.0,281.0,True,SOFT,5.0,True,3,1,True,2021,5
4,71.988,16,19.075,33.767,19.146,221.0,201.0,270.0,277.0,True,SOFT,4.0,True,2,2,True,2021,5
44,72.02,7,18.925,33.74,19.355,221.0,204.0,266.0,277.0,True,SOFT,7.0,True,1,1,True,2021,5
7,72.298,16,19.063,33.975,19.26,219.0,204.0,268.0,277.0,True,SOFT,4.0,True,2,2,True,2021,5
10,72.357,26,19.218,33.739,19.4,220.0,198.0,267.0,280.0,True,SOFT,10.0,False,4,1,True,2021,5
5,72.537,20,19.144,34.051,19.342,217.0,202.0,267.0,275.0,True,SOFT,7.0,False,3,1,True,2021,5
99,72.539,15,19.183,34.181,19.175,219.0,200.0,270.0,282.0,True,SOFT,4.0,True,2,1,True,2021,5
18,72.7,16,19.216,34.274,19.21,217.0,200.0,269.0,278.0,True,SOFT,4.0,True,2,2,True,2021,5
3,72.959,19,19.179,34.276,19.504,214.0,204.0,270.0,280.0,True,SOFT,6.0,True,2,2,True,2021,5
47,73.139,19,19.397,34.24,19.502,215.0,200.0,267.0,278.0,True,SOFT,5.0,True,3,1,True,2021,5
14,73.329,9,19.356,34.206,19.767,217.0,200.0,267.0,275.0,True,SOFT,9.0,False,2,1,True,2021,5
9,73.39,11,19.583,34.337,19.47,214.0,199.0,265.0,275.0,True,SOFT,6.0,True,2,1,True,2021,5
63,73.447,25,19.42,34.429,19.598,,203.0,266.0,276.0,True,SOFT,10.0,False,4,1,True,2021,5
6,73.475,18,19.276,34.706,19.493,210.0,198.0,267.0,274.0,True,SOFT,2.0,True,2,1,True,2021,5
22,73.522,16,19.383,34.343,19.796,215.0,198.0,269.0,281.0,True,SOFT,16.0,True,1,1,True,2021,5
31,73.614,8,19.668,34.353,19.593,213.0,198.0,263.0,272.0,True,SOFT,8.0,True,1,1,True,2021,5
10,102.251,14,35.785,40.884,25.582,236.0,240.0,326.0,310.0,True,SOFT,7.0,True,2,1,True,2021,6
11,102.595,13,35.854,41.406,25.335,218.0,236.0,330.0,315.0,True,SOFT,4.0,True,2,1,True,2021,6
44,102.697,13,36.06,41.483,25.154,230.0,227.0,329.0,325.0,True,SOFT,3.0,True,3,1,True,2021,6
16,102.778,11,35.861,41.162,25.755,231.0,232.0,325.0,309.0,True,SOFT,4.0,True,2,1,True,2021,6
55,103.006,14,36.126,41.187,25.693,235.0,236.0,321.0,312.0,True,SOFT,7.0,False,4,1,True,2021,6
4,103.011,14,36.057,41.102,25.852,232.0,227.0,323.0,308.0,True,SOFT,4.0,True,3,1,True,2021,6
14,103.08,11,36.004,41.635,25.441,221.0,231.0,331.0,312.0,True,SOFT,4.0,True,3,1,True,2021,6
22,103.244,12,36.075,41.42,25.749,234.0,233.0,325.0,308.0,True,SOFT,4.0,True,2,2,True,2021,6
31,103.294,10,36.039,41.777,25.478,224.0,225.0,333.0,313.0,True,SOFT,4.0,True,2,1,True,2021,6
3,103.557,11,36.376,41.82,25.361,220.0,229.0,330.0,313.0,True,SOFT,2.0,True,2,2,True,2021,6
5,103.585,11,36.42,41.595,25.57,220.0,225.0,329.0,312.0,True,SOFT,4.0,True,3,1,True,2021,6
18,103.682,6,36.698,41.714,25.27,223.0,216.0,338.0,316.0,True,SOFT,6.0,False,2,1,True,2021,6
77,103.745,14,36.18,41.78,25.785,227.0,243.0,324.0,306.0,True,SOFT,4.0,True,3,1,True,2021,6
7,103.826,12,36.1,42.157,25.569,219.0,237.0,328.0,315.0,True,SOFT,4.0,True,3,1,True,2021,6
33,103.984,4,36.704,41.8,25.48,212.0,222.0,327.0,314.0,True,HARD,4.0,True,1,1,True,2021,6
6,104.054,9,36.672,41.948,25.434,221.0,215.0,328.0,314.0,True,SOFT,2.0,True,2,1,True,2021,6
99,104.113,5,36.731,42.095,25.287,218.0,223.0,327.0,317.0,True,SOFT,5.0,False,2,1,True,2021,6
63,104.434,10,36.704,42.243,25.487,217.0,218.0,331.0,313.0,True,SOFT,3.0,True,4,2,True,2021,6
47,105.282,11,36.967,42.239,26.076,207.0,202.0,323.0,306.0,True,SOFT,2.0,True,4,2,True,2021,6
9,105.711,4,37.082,42.796,25.833,221.0,226.0,323.0,308.0,True,SOFT,4.0,True,1,1,True,2021,6
33,91.3,10,22.874,27.635,40.791,121.0,281.0,301.0,321.0,True,SOFT,3.0,False,4,1,True,2021,7
77,92.047,8,22.832,27.932,41.283,122.0,273.0,297.0,317.0,True,SOFT,2.0,True,3,1,True,2021,7
55,92.195,10,22.972,27.954,41.269,121.0,276.0,295.0,317.0,True,SOFT,2.0,True,3,1,True,2021,7
11,92.238,9,23.038,27.931,41.269,116.0,284.0,304.0,322.0,True,SOFT,3.0,False,3,1,True,2021,7
44,92.266,8,22.904,28.012,41.35,123.0,273.0,296.0,317.0,True,SOFT,2.0,True,3,1,True,2021,7
4,92.336,10,22.942,28.062,41.332,117.0,274.0,299.0,315.0,True,SOFT,2.0,True,3,1,True,2021,7
14,92.624,10,23.056,28.008,41.56,119.0,275.0,297.0,321.0,True,SOFT,2.0,True,3,1,True,2021,7
31,92.681,10,22.974,27.948,41.759,119.0,276.0,299.0,325.0,True,SOFT,2.0,True,2,1,True,2021,7
10,92.707,11,22.968,28.172,41.567,116.0,276.0,301.0,318.0,True,SOFT,2.0,True,3,1,True,2021,7
3,92.759,9,23.059,28.172,41.528,121.0,272.0,299.0,314.0,True,SOFT,2.0,True,2,1,True,2021,7
16,92.82,9,23.007,28.07,41.743,122.0,278.0,294.0,317.0,True,SOFT,2.0,True,3,1,True,2021,7
99,93.017,11,23.054,28.12,41.843,115.0,277.0,300.0,321.0,True,SOFT,2.0,True,4,1,True,2021,7
18,93.051,11,23.19,28.05,41.811,117.0,274.0,296.0,320.0,True,SOFT,2.0,True,2,1,True,2021,7
5,93.2,16,23.241,28.065,41.894,121.0,274.0,298.0,318.0,True,SOFT,5.0,True,2,1,True,2021,7
7,93.328,11,23.115,28.251,41.962,109.0,275.0,297.0,318.0,True,SOFT,2.0,True,3,1,True,2021,7
63,93.364,10,23.258,28.191,41.915,124.0,273.0,298.0,318.0,True,SOFT,2.0,True,2,1,True,2021,7
22,93.424,12,23.146,28.34,41.938,114.0,276.0,299.0,317.0,True,SOFT,2.0,True,2,1,True,2021,7
6,93.584,10,23.381,28.196,42.007,119.0,274.0,299.0,322.0,True,SOFT,2.0,True,3,1,True,2021,7
47,94.143,10,23.699,28.341,42.103,118.0,275.0,302.0,319.0,True,SOFT,4.0,True,2,1,True,2021,7
9,94.642,7,23.656,28.529,42.457,117.0,273.0,299.0,320.0,True,SOFT,2.0,True,2,1,True,2021,7
44,64.369,10,16.273,28.543,19.553,313.0,250.0,284.0,310.0,True,SOFT,2.0,True,3,1,True,2021,8
33,64.573,10,16.434,28.596,19.543,317.0,247.0,284.0,314.0,True,SOFT,2.0,True,5,1,True,2021,8
77,64.832,15,16.368,28.706,19.758,315.0,250.0,284.0,313.0,True,SOFT,2.0,True,4,1,True,2021,8
11,65.026,15,16.568,28.725,19.733,313.0,247.0,284.0,310.0,True,SOFT,5.0,False,4,1,True,2021,8
22,65.15,19,16.484,29.017,19.649,315.0,246.0,287.0,316.0,True,SOFT,8.0,True,2,1,True,2021,8
10,65.298,19,16.516,28.989,19.793,311.0,245.0,284.0,311.0,True,SOFT,8.0,True,4,1,True,2021,8
16,65.34,11,16.724,28.821,19.795,311.0,247.0,282.0,309.0,True,SOFT,2.0,True,3,1,True,2021,8
14,65.4,15,16.531,28.887,19.982,314.0,244.0,282.0,311.0,True,SOFT,2.0,True,3,1,True,2021,8
18,65.445,11,16.492,28.977,19.976,311.0,241.0,283.0,314.0,True,SOFT,2.0,True,3,1,True,2021,8
5,65.492,13,16.546,28.885,20.061,311.0,245.0,281.0,312.0,True,SOFT,2.0,True,3,1,True,2021,8
99,65.556,15,16.462,29.085,20.009,319.0,244.0,285.0,315.0,True,SOFT,2.0,True,3,1,True,2021,8
31,65.676,14,16.626,29.052,19.998,311.0,244.0,279.0,310.0,True,SOFT,2.0,True,3,1,True,2021,8
55,65.698,12,16.597,28.979,20.122,311.0,244.0,281.0,309.0,True,SOFT,2.0,True,3,1,True,2021,8
63,65.863,19,16.647,29.33,19.886,313.0,246.0,283.0,312.0,True,SOFT,8.0,True,3,1,True,2021,8
7,65.942,15,16.659,29.012,20.271,313.0,243.0,286.0,312.0,True,SOFT,2.0,True,3,1,True,2021,8
47,65.992,20,16.642,29.232,20.118,312.0,240.0,281.0,310.0,True,SOFT,6.0,True,3,1,True,2021,8
3,66.116,16,16.727,29.305,20.084,310.0,244.0,282.0,310.0,True,SOFT,5.0,True,3,1,True,2021,8
6,66.119,18,16.551,29.465,20.103,316.0,244.0,284.0,315.0,True,SOFT,8.0,True,3,1,True,2021,8
4,66.654,5,16.882,29.579,20.193,308.0,238.0,281.0,306.0,True,MEDIUM,5.0,True,1,1,True,2021,8
9,66.692,17,16.825,29.679,20.188,310.0,241.0,281.0,310.0,True,SOFT,4.0,True,3,1,True,2021,8
33,64.591,8,16.488,28.609,19.494,308.0,245.0,286.0,309.0,True,SOFT,2.0,True,2,1,True,2021,9
77,65.129,16,16.62,28.901,19.608,306.0,244.0,283.0,306.0,True,SOFT,3.0,True,4,1,True,2021,9
44,65.277,11,16.527,29.106,19.644,311.0,246.0,280.0,304.0,True,SOFT,5.0,False,4,1,True,2021,9
10,65.28,23,16.492,29.055,19.733,313.0,242.0,288.0,312.0,True,SOFT,6.0,True,4,1,True,2021,9
99,65.345,20,16.547,29.021,19.777,315.0,243.0,282.0,312.0,True,SOFT,2.0,True,3,1,True,2021,9
55,65.347,19,16.675,28.919,19.753,312.0,247.0,284.0,313.0,True,SOFT,2.0,True,6,1,True,2021,9
11,65.396,18,16.502,29.064,19.83,311.0,241.0,282.0,310.0,True,SOFT,8.0,False,5,1,True,2021,9
14,65.434,17,16.568,29.046,19.82,314.0,242.0,284.0,309.0,True,SOFT,2.0,True,4,1,True,2021,9
16,65.484,20,16.743,29.087,19.654,309.0,244.0,283.0,308.0,True,SOFT,8.0,False,5,1,True,2021,9
5,65.542,12,16.531,29.088,19.923000000000002,313.0,246.0,286.0,308.0,True,SOFT,2.0,True,3,1,True,2021,9
18,65.546,11,16.498,29.051,19.997,313.0,246.0,284.0,310.0,True,SOFT,2.0,True,3,1,True,2021,9
22,65.561,19,16.439,29.294,19.828,317.0,244.0,287.0,309.0,True,SOFT,5.0,True,3,1,True,2021,9
31,65.674,15,16.606,29.193,19.875,313.0,245.0,286.0,308.0,True,SOFT,2.0,True,3,1,True,2021,9
63,65.694,13,16.626,29.352,19.716,310.0,246.0,285.0,310.0,True,SOFT,2.0,True,6,1,True,2021,9
4,65.7,13,16.786,29.053,19.861,306.0,247.0,281.0,306.0,True,SOFT,5.0,True,2,1,True,2021,9
3,65.725,16,16.701999999999998,29.185,19.838,310.0,248.0,284.0,305.0,True,SOFT,2.0,True,4,1,True,2021,9
7,65.747,27,16.724,29.141,19.882,312.0,243.0,283.0,311.0,True,SOFT,6.0,False,5,1,True,2021,9
47,66.078,19,16.746,29.468,19.864,313.0,245.0,281.0,309.0,True,SOFT,2.0,True,3,1,True,2021,9
6,66.105,6,16.741,29.387,19.977,312.0,245.0,282.0,312.0,True,SOFT,2.0,True,5,1,True,2021,9
9,66.289,24,16.888,29.444,19.957,309.0,240.0,280.0,310.0,True,SOFT,7.0,True,3,1,True,2021,9
44,76.826,17,27.926,27.28,21.62,280.0,249.0,256.0,298.0,True,SOFT,2.0,True,5,1,True,2021,11
33,76.914,9,27.754,27.294,21.866,280.0,250.0,257.0,300.0,True,SOFT,2.0,True,4,1,True,2021,11
77,77.055,8,28.086,27.315,21.654,278.0,251.0,255.0,293.0,True,SOFT,2.0,True,3,1,True,2021,11
55,77.497,14,28.192,27.377,21.928,276.0,246.0,257.0,295.0,True,SOFT,2.0,True,3,1,True,2021,11
16,77.52,12,28.002,27.379,22.139,280.0,244.0,252.0,298.0,True,SOFT,2.0,True,3,1,True,2021,11
4,77.772,9,28.412,27.382,21.978,271.0,250.0,255.0,292.0,True,SOFT,2.0,True,2,1,True,2021,11
11,77.917,8,27.964,28.014,21.939,278.0,246.0,255.0,295.0,True,SOFT,2.0,True,3,1,True,2021,11
3,77.942,12,28.122,27.779,22.041,279.0,250.0,256.0,296.0,True,SOFT,3.0,False,4,1,True,2021,11
14,77.992,14,28.285,27.667,22.04,276.0,247.0,255.0,295.0,True,SOFT,5.0,True,2,1,True,2021,11
18,78.05,15,28.315,27.769,21.966,277.0,248.0,255.0,299.0,True,SOFT,5.0,True,3,1,True,2021,11
10,78.115,16,28.334,27.675,22.106,276.0,248.0,256.0,297.0,True,SOFT,6.0,False,4,1,True,2021,11
31,78.174,11,28.236,27.747,22.191,276.0,248.0,254.0,295.0,True,SOFT,2.0,True,2,1,True,2021,11
5,78.235,11,28.346,27.748,22.141,275.0,250.0,256.0,295.0,True,SOFT,2.0,True,3,1,True,2021,11
22,78.461,23,28.17,28.103,22.188,277.0,245.0,258.0,299.0,True,SOFT,5.0,True,4,1,True,2021,11
7,78.683,17,28.114,28.065,22.504,284.0,246.0,255.0,305.0,True,SOFT,2.0,True,4,1,True,2021,11
63,78.794,10,28.404,28.114,22.276,275.0,245.0,254.0,293.0,True,SOFT,3.0,False,4,1,True,2021,11
6,78.821,14,28.485,28.05,22.286,273.0,246.0,254.0,295.0,True,SOFT,6.0,False,6,1,True,2021,11
99,79.113,13,28.412,28.319,22.382,283.0,242.0,258.0,303.0,True,SOFT,5.0,False,4,1,True,2021,11
47,79.406,9,28.574,28.337,22.495,282.0,246.0,257.0,304.0,True,SOFT,2.0,True,2,1,True,2021,11
9,79.933,9,28.623,28.641,22.669,279.0,243.0,254.0,303.0,True,SOFT,2.0,True,2,1,True,2021,11
33,116.924,5,32.289,53.611,31.024,317.0,190.0,214.0,299.0,True,INTERMEDIATE,6.0,False,1,1,True,2021,12
11,117.871,5,33.083,53.098,31.69,312.0,187.0,210.0,291.0,True,INTERMEDIATE,5.0,True,1,1,True,2021,12
44,117.996,3,33.18,53.632,31.184,306.0,185.0,214.0,,True,INTERMEDIATE,4.0,False,1,1,True,2021,12
4,118.509,2,33.48,53.446,31.583,297.0,185.0,211.0,292.0,True,INTERMEDIATE,3.0,False,1,1,True,2021,12
31,118.913,4,33.114,53.682,32.117,304.0,188.0,201.0,296.0,True,INTERMEDIATE,5.0,False,2,1,True,2021,12
18,119.205,7,33.163,54.53,31.512,303.0,180.0,212.0,279.0,True,INTERMEDIATE,8.0,False,1,1,True,2021,12
10,119.324,3,32.996,54.719,31.609,316.0,176.0,209.0,293.0,True,INTERMEDIATE,5.0,False,1,1,True,2021,12
5,119.436,7,33.17,54.483,31.783,299.0,186.0,211.0,291.0,True,INTERMEDIATE,9.0,False,1,1,True,2021,12
63,119.492,5,33.108,54.854,31.53,311.0,187.0,210.0,291.0,True,INTERMEDIATE,6.0,False,1,1,True,2021,12
14,119.613,6,33.497,54.19,31.926,306.0,179.0,195.0,286.0,True,INTERMEDIATE,7.0,False,1,1,True,2021,12
77,119.808,6,33.452,54.488,31.868,307.0,180.0,210.0,,True,INTERMEDIATE,8.0,False,1,1,True,2021,12
6,119.981,5,33.56,54.305,32.116,301.0,186.0,214.0,276.0,True,INTERMEDIATE,6.0,False,1,1,True,2021,12
3,120.456,9,33.057,55.623,31.776,306.0,185.0,213.0,303.0,True,INTERMEDIATE,10.0,False,2,1,True,2021,12
55,120.749,4,33.263,55.421,32.065,306.0,182.0,212.0,290.0,True,INTERMEDIATE,6.0,False,1,1,True,2021,12
47,121.269,6,33.848,55.485,31.936,303.0,187.0,209.0,277.0,True,INTERMEDIATE,5.0,False,2,1,True,2021,12
16,121.37,4,33.749,55.864,31.757,305.0,181.0,212.0,275.0,True,INTERMEDIATE,6.0,False,1,1,True,2021,12
22,121.51,7,33.365,56.002,32.143,311.0,181.0,205.0,287.0,True,INTERMEDIATE,8.0,False,2,1,True,2021,12
99,121.512,6,34.089,55.748,31.675,289.0,178.0,213.0,275.0,True,INTERMEDIATE,8.0,False,1,1,True,2021,12
9,121.792,6,34.074,55.328,32.39,296.0,184.0,209.0,267.0,True,INTERMEDIATE,2.0,True,2,1,True,2021,12
7,124.382,2,34.714,57.378,32.29,289.0,174.0,211.0,247.0,True,INTERMEDIATE,4.0,False,1,2,True,2021,12
33,69.623,7,24.319,23.731,21.573,276.0,286.0,316.0,304.0,True,SOFT,2.0,True,2,1,True,2021,13
77,70.179,10,24.53,24.031,21.618,277.0,287.0,300.0,310.0,True,SOFT,2.0,True,4,1,True,2021,13
44,70.417,16,24.858,23.897,21.662,279.0,286.0,299.0,307.0,True,SOFT,2.0,True,4,1,True,2021,13
11,70.526,12,24.677,24.031,21.818,276.0,284.0,299.0,304.0,True,SOFT,2.0,True,4,1,True,2021,13
14,70.67,9,24.586,24.253,21.831,272.0,287.0,302.0,309.0,True,SOFT,2.0,True,2,1,True,2021,13
4,70.781,13,24.682,24.156,21.943,273.0,287.0,298.0,306.0,True,SOFT,4.0,True,2,1,True,2021,13
18,70.842,12,24.678,24.174,21.99,278.0,289.0,305.0,304.0,True,SOFT,2.0,True,4,1,True,2021,13
5,70.872,13,24.628,24.23,22.014,275.0,286.0,299.0,310.0,True,SOFT,2.0,True,4,1,True,2021,13
16,70.896,11,24.809,24.175,21.912,273.0,285.0,301.0,304.0,True,SOFT,2.0,True,4,1,True,2021,13
10,71.005,13,25.059,24.09,21.856,270.0,282.0,296.0,299.0,True,SOFT,2.0,True,3,1,True,2021,13
3,71.013,12,24.875,24.193,21.945,274.0,287.0,298.0,309.0,True,SOFT,2.0,True,5,1,True,2021,13
6,71.083,12,24.785,24.328,21.97,276.0,288.0,303.0,311.0,True,SOFT,2.0,True,3,1,True,2021,13
31,71.18,12,24.795,24.455,21.93,271.0,287.0,303.0,308.0,True,SOFT,2.0,True,3,1,True,2021,13
63,71.274,11,24.589,24.746,21.939,277.0,285.0,298.0,307.0,True,SOFT,2.0,True,3,1,True,2021,13
99,71.299,13,24.624,24.66,22.015,276.0,286.0,305.0,309.0,True,SOFT,6.0,True,2,1,True,2021,13
55,71.94,2,25.215,24.513,22.212,273.0,283.0,297.0,304.0,True,MEDIUM,2.0,True,1,1,True,2021,13
22,71.98,24,25.292,24.538,22.15,268.0,281.0,292.0,300.0,True,SOFT,4.0,True,3,1,True,2021,13
9,72.136,19,25.12,24.828,22.188,275.0,284.0,303.0,304.0,True,SOFT,4.0,True,4,1,True,2021,13
88,72.162,20,25.266,24.737,22.159,278.0,287.0,305.0,310.0,True,SOFT,6.0,False,4,1,True,2021,13
47,72.366,9,25.191,24.925,22.25,274.0,283.0,305.0,309.0,True,SOFT,2.0,True,3,1,True,2021,13
10,90.447,13,33.291,31.576,25.58,277.0,287.0,240.0,304.0,True,INTERMEDIATE,10.0,False,3,1,True,2021,16
33,90.611,8,33.202,31.658,25.751,276.0,285.0,240.0,302.0,True,INTERMEDIATE,8.0,False,2,1,True,2021,16
11,90.684,9,33.313,31.807,25.564,278.0,289.0,240.0,306.0,True,INTERMEDIATE,9.0,True,1,1,True,2021,16
55,91.262,19,33.666,31.894,25.701999999999998,276.0,283.0,239.0,302.0,True,INTERMEDIATE,13.0,False,4,1,True,2021,16
16,91.543,8,33.795,32.255,25.493,270.0,284.0,238.0,299.0,True,INTERMEDIATE,4.0,False,3,1,True,2021,16
14,91.545,10,33.454,32.194,25.897,272.0,282.0,235.0,300.0,True,INTERMEDIATE,10.0,False,3,1,True,2021,16
7,91.572,13,33.693,32.186,25.693,277.0,284.0,239.0,302.0,True,INTERMEDIATE,10.0,False,4,1,True,2021,16
22,91.981,15,33.928,32.323,25.73,274.0,288.0,237.0,301.0,True,INTERMEDIATE,10.0,False,3,1,True,2021,16
77,91.996,7,33.742,32.424,25.83,271.0,285.0,237.0,294.0,True,INTERMEDIATE,7.0,False,2,2,True,2021,16
31,92.089,15,33.934,32.279,25.876,271.0,284.0,235.0,297.0,True,INTERMEDIATE,15.0,False,5,1,True,2021,16
99,92.097,14,34.007,32.38,25.71,278.0,285.0,241.0,303.0,True,INTERMEDIATE,11.0,False,3,1,True,2021,16
5,92.111,9,33.89,32.468,25.753,,281.0,238.0,299.0,True,INTERMEDIATE,7.0,False,3,1,True,2021,16
47,92.228,18,34.053,31.955,26.22,274.0,283.0,236.0,291.0,True,INTERMEDIATE,15.0,False,4,1,True,2021,16
3,92.27,12,34.183,32.246,25.841,271.0,282.0,239.0,295.0,True,INTERMEDIATE,8.0,False,4,1,True,2021,16
4,92.314,14,33.764,32.389,26.161,272.0,279.0,237.0,295.0,True,INTERMEDIATE,10.0,False,3,2,True,2021,16
18,93.348,5,34.419,32.778,26.151,273.0,282.0,239.0,301.0,True,INTERMEDIATE,4.0,True,2,1,True,2021,16
9,93.425,8,34.383,32.966,26.076,271.0,283.0,236.0,296.0,True,INTERMEDIATE,4.0,True,3,1,True,2021,16
44,93.636,4,34.492,33.47,25.674,272.0,282.0,240.0,302.0,True,INTERMEDIATE,4.0,False,2,1,True,2021,16
6,95.681,4,35.383,33.95,26.348,275.0,282.0,241.0,268.0,True,INTERMEDIATE,4.0,False,2,2,True,2021,16
11,94.701,9,25.404,38.044,31.253,225.0,192.0,211.0,314.0,True,SOFT,2.0,True,3,1,True,2021,17
55,94.805,8,25.451,38.108,31.246,228.0,191.0,208.0,317.0,True,SOFT,2.0,True,3,1,True,2021,17
33,94.912,5,25.416,38.396,31.1,231.0,192.0,210.0,311.0,True,SOFT,5.0,True,1,2,True,2021,17
4,94.945,8,25.52,38.271,31.154,232.0,193.0,211.0,313.0,True,SOFT,2.0,True,2,1,True,2021,17
77,94.988,7,25.885,37.913,31.19,232.0,193.0,211.0,314.0,True,SOFT,2.0,True,3,1,True,2021,17
44,95.219,15,25.625,38.334,31.26,234.0,192.0,207.0,314.0,True,SOFT,5.0,True,4,1,True,2021,17
3,95.345,7,25.405,38.471,31.469,229.0,193.0,211.0,315.0,True,SOFT,2.0,True,3,1,True,2021,17
10,95.398,12,25.793,38.306,31.299,229.0,190.0,209.0,313.0,True,SOFT,2.0,True,4,1,True,2021,17
16,95.688,2,25.734,38.487,31.467,220.0,190.0,209.0,316.0,True,SOFT,2.0,True,1,1,True,2021,17
31,95.711,9,25.68,38.379,31.652,229.0,192.0,210.0,325.0,True,SOFT,2.0,True,3,1,True,2021,17
5,95.851,13,25.884,38.452,31.515,228.0,191.0,211.0,312.0,True,SOFT,2.0,True,5,1,True,2021,17
63,96.023,7,25.77,38.58,31.673000000000002,225.0,194.0,211.0,315.0,True,SOFT,2.0,True,3,1,True,2021,17
7,96.062,13,25.788,38.575,31.699,228.0,191.0,210.0,319.0,True,SOFT,2.0,True,3,1,True,2021,17
6,96.118,5,25.703,38.728,31.687,223.0,193.0,211.0,314.0,True,SOFT,2.0,True,2,1,True,2021,17
99,96.252,11,25.783,38.634,31.835,220.0,192.0,211.0,319.0,True,SOFT,2.0,True,4,1,True,2021,17
18,96.392,8,26.091,38.713,31.588,213.0,192.0,210.0,311.0,True,SOFT,2.0,True,3,1,True,2021,17
14,96.49,9,26.035,38.697,31.758,227.0,189.0,210.0,313.0,True,SOFT,2.0,True,3,1,True,2021,17
22,96.572,5,25.737,38.885,31.95,228.0,191.0,209.0,315.0,True,SOFT,5.0,True,1,2,True,2021,17
47,96.671,9,25.948,38.95,31.773,224.0,192.0,210.0,313.0,True,SOFT,2.0,True,3,1,True,2021,17
9,123.456,5,27.009,54.373,42.074,163.0,118.0,212.0,220.0,True,SOFT,5.0,True,1,1,True,2021,17
11,77.024,12,27.548000000000002,29.588,19.888,310.0,295.0,253.0,335.0,True,SOFT,5.0,False,4,1,True,2021,18
33,77.217,5,27.589,29.71,19.918,311.0,292.0,254.0,333.0,True,SOFT,5.0,True,1,1,True,2021,18
44,77.675,12,27.772,29.722,20.181,308.0,292.0,250.0,341.0,True,SOFT,7.0,True,3,1,True,2021,18
77,77.708,8,27.459,30.016,20.233,315.0,296.0,256.0,347.0,True,SOFT,8.0,False,2,1,True,2021,18
55,78.029,13,27.652,30.194,20.183,316.0,294.0,253.0,339.0,True,SOFT,4.0,True,3,1,True,2021,18
22,78.037,21,27.548000000000002,30.074,20.415,316.0,298.0,254.0,341.0,True,SOFT,6.0,True,6,1,True,2021,18
3,78.121,12,27.573,30.098,20.45,314.0,293.0,250.0,342.0,True,SOFT,5.0,True,2,1,True,2021,18
10,78.202,17,27.762,30.181,20.259,314.0,296.0,253.0,338.0,True,SOFT,8.0,True,3,1,True,2021,18
16,78.213,6,27.665,30.258,20.29,317.0,295.0,253.0,342.0,True,SOFT,6.0,False,2,1,True,2021,18
4,78.312,14,27.826,30.218,20.268,311.0,292.0,250.0,337.0,True,SOFT,5.0,True,2,1,True,2021,18
18,78.352,15,27.573,30.426,20.353,314.0,295.0,255.0,345.0,True,SOFT,2.0,True,6,1,True,2021,18
7,78.531,19,27.597,30.47,20.464,316.0,296.0,253.0,345.0,True,SOFT,8.0,True,3,1,True,2021,18
99,78.556,13,27.806,30.407,20.343,318.0,295.0,253.0,344.0,True,SOFT,2.0,True,4,1,True,2021,18
5,78.614,13,28.058,30.243,20.313,308.0,292.0,251.0,341.0,True,SOFT,3.0,True,4,1,True,2021,18
14,78.847,12,28.025,30.39,20.432,308.0,291.0,248.0,342.0,True,SOFT,4.0,True,3,1,True,2021,18
31,78.999,13,28.001,30.321,20.677,312.0,293.0,250.0,340.0,True,SOFT,3.0,True,3,1,True,2021,18
63,79.211,15,28.127,30.741,20.343,306.0,289.0,249.0,336.0,True,SOFT,5.0,False,4,1,True,2021,18
47,79.238,8,27.736,30.748,20.754,313.0,292.0,252.0,341.0,True,SOFT,2.0,True,3,1,True,2021,18
6,79.313,8,28.297,30.537,20.479,308.0,290.0,250.0,335.0,True,SOFT,2.0,True,3,1,True,2021,18
9,80.479,12,28.158,31.142,21.179,312.0,289.0,250.0,339.0,True,SOFT,4.0,True,3,1,True,2021,18
77,82.31,15,26.771,27.637,27.902,253.0,273.0,319.0,319.0,True,SOFT,5.0,True,4,1,True,2021,20
44,82.388,11,26.981,27.408,27.999,250.0,274.0,312.0,316.0,True,SOFT,2.0,True,4,1,True,2021,20
33,82.651,8,27.051,27.499,28.101,251.0,278.0,315.0,317.0,True,SOFT,2.0,True,3,1,True,2021,20
10,82.835,16,27.085,27.738,28.012,250.0,278.0,314.0,320.0,True,SOFT,6.0,False,4,1,True,2021,20
11,82.846,8,27.239,27.589,28.018,248.0,277.0,314.0,322.0,True,SOFT,2.0,True,3,2,True,2021,20
55,83.048,13,27.235,27.676,28.137,247.0,276.0,309.0,318.0,True,SOFT,6.0,False,4,1,True,2021,20
14,83.186,9,27.161,27.893,28.132,250.0,273.0,314.0,323.0,True,SOFT,2.0,True,3,1,True,2021,20
31,83.209,17,27.192,27.813,28.204,248.0,274.0,315.0,323.0,True,SOFT,5.0,False,5,1,True,2021,20
16,83.276,8,27.229,28.052,27.995,247.0,276.0,309.0,319.0,True,SOFT,8.0,False,2,1,True,2021,20
22,83.567,8,27.556,27.904,28.107,247.0,275.0,315.0,317.0,True,MEDIUM,8.0,True,1,1,True,2021,20
3,83.711,9,27.454,28.004,28.253,246.0,278.0,319.0,321.0,True,SOFT,2.0,True,3,1,True,2021,20
5,83.884,12,27.476,28.134,28.274,245.0,272.0,314.0,317.0,True,SOFT,2.0,True,4,1,True,2021,20
4,83.895,13,27.35,28.271,28.274,246.0,273.0,309.0,318.0,True,SOFT,6.0,True,4,1,True,2021,20
63,83.923,15,27.318,28.184,28.421,246.0,275.0,296.0,322.0,True,SOFT,6.0,True,2,2,True,2021,20
18,84.154,15,27.476,28.208,28.47,245.0,274.0,313.0,320.0,True,SOFT,6.0,True,3,2,True,2021,20
7,84.246,16,27.526,28.322,28.398,242.0,279.0,316.0,323.0,True,SOFT,6.0,True,3,1,True,2021,20
99,84.288,16,27.627,28.231,28.43,246.0,278.0,316.0,322.0,True,SOFT,8.0,True,3,1,True,2021,20
6,84.499,6,27.499,28.553,28.447,240.0,272.0,313.0,325.0,True,MEDIUM,6.0,True,1,1,True,2021,20
47,84.68,17,27.519,28.47,28.691,246.0,275.0,329.0,318.0,True,SOFT,5.0,True,5,1,True,2021,20
33,88.1,16,32.05,28.257,27.793,293.0,308.0,305.0,314.0,True,SOFT,5.0,True,3,1,True,2021,21
44,88.314,8,32.409,28.091,27.814,297.0,317.0,302.0,323.0,True,HARD,8.0,True,1,2,True,2021,21
11,88.629,16,32.221,28.271,28.137,293.0,318.0,315.0,325.0,True,SOFT,6.0,True,3,1,True,2021,21
22,88.641,15,32.129,28.421,28.091,289.0,311.0,301.0,318.0,True,SOFT,5.0,True,3,1,True,2021,21
10,88.715,6,32.259,28.372,28.084,291.0,316.0,297.0,321.0,True,MEDIUM,6.0,True,1,1,True,2021,21
77,89.019,14,32.383,28.465,28.171,291.0,314.0,296.0,319.0,True,SOFT,5.0,True,2,1,True,2021,21
16,89.101,17,32.326,28.516,28.259,293.0,316.0,297.0,319.0,True,SOFT,7.0,False,5,1,True,2021,21
55,89.149,14,32.339,28.58,28.23,291.0,315.0,299.0,318.0,True,SOFT,5.0,False,4,1,True,2021,21
31,89.177,15,32.378,28.474,28.325,292.0,310.0,300.0,320.0,True,SOFT,4.0,True,3,1,True,2021,21
4,89.3,11,32.382,28.545,28.373,,307.0,299.0,309.0,True,SOFT,3.0,True,3,1,True,2021,21
14,89.418,17,32.512,28.633,28.273,288.0,310.0,296.0,313.0,True,SOFT,4.0,True,4,1,True,2021,21
99,89.59,15,32.632,28.638,28.32,289.0,317.0,303.0,322.0,True,SOFT,6.0,True,3,1,True,2021,21
7,89.689,18,32.546,28.727,28.416,287.0,316.0,303.0,321.0,True,SOFT,6.0,True,3,1,True,2021,21
3,89.717,17,32.642,28.746,28.329,289.0,312.0,305.0,316.0,True,SOFT,8.0,True,3,1,True,2021,21
18,90.03,13,32.702,29.004,28.324,287.0,308.0,296.0,318.0,True,SOFT,7.0,False,4,1,True,2021,21
63,90.034,11,32.779,28.7,28.555,290.0,310.0,293.0,315.0,True,SOFT,4.0,True,2,1,True,2021,21
5,90.296,13,32.979,28.841,28.476,288.0,314.0,297.0,323.0,True,SOFT,6.0,False,5,1,True,2021,21
6,90.366,6,32.79,28.905,28.671,288.0,309.0,300.0,316.0,True,SOFT,6.0,True,1,1,True,2021,21
47,90.933,13,33.211,29.075,28.647,284.0,312.0,300.0,315.0,True,SOFT,2.0,True,2,1,True,2021,21
9,90.979,18,33.179,29.044,28.756,286.0,314.0,306.0,318.0,True,SOFT,5.0,True,3,1,True,2021,21
44,83.274,10,17.003,35.934,30.337,291.0,318.0,223.0,324.0,True,SOFT,9.0,False,4,1,True,2021,22
33,83.488,17,17.192,36.109,30.187,291.0,319.0,223.0,322.0,True,SOFT,4.0,True,4,1,True,2021,22
77,84.025,9,17.191,36.371,30.463,288.0,316.0,218.0,321.0,True,SOFT,8.0,False,3,1,True,2021,22
11,84.047,18,17.308,36.242,30.497,287.0,317.0,223.0,320.0,True,SOFT,8.0,False,5,1,True,2021,22
4,84.106,12,17.201,36.345,30.56,284.0,307.0,223.0,320.0,True,SOFT,2.0,True,3,1,True,2021,22
22,84.223,17,17.324,,,284.0,,220.0,318.0,True,SOFT,5.0,True,4,1,False,2021,22
10,84.251,17,17.284,36.374,30.593,285.0,318.0,222.0,319.0,True,SOFT,5.0,False,5,1,True,2021,22
55,84.595,10,17.41,36.449,30.736,283.0,312.0,222.0,321.0,True,MEDIUM,2.0,True,3,1,True,2021,22
3,84.733,10,17.341,36.522,30.87,285.0,318.0,221.0,321.0,True,MEDIUM,2.0,True,3,1,True,2021,22
16,84.758,14,17.392,36.482,30.884,283.0,316.0,220.0,320.0,True,MEDIUM,4.0,False,4,1,True,2021,22
18,84.821,16,17.394,,,285.0,,220.0,320.0,True,SOFT,3.0,True,4,1,False,2021,22
31,84.834,14,17.358,36.641,30.835,288.0,316.0,220.0,323.0,True,MEDIUM,4.0,True,3,1,True,2021,22
7,85.037,13,17.371,36.486,31.18,285.0,313.0,216.0,324.0,True,SOFT,2.0,True,3,1,True,2021,22
99,85.048,10,17.427,36.646,30.975,285.0,316.0,216.0,326.0,True,SOFT,2.0,True,2,1,True,2021,22
14,85.094,13,17.316,36.613,31.165,288.0,318.0,219.0,322.0,True,MEDIUM,2.0,True,3,1,True,2021,22
5,85.115,17,17.45,36.53,31.135,285.0,314.0,222.0,321.0,True,SOFT,2.0,True,4,1,True,2021,22
63,85.22,12,17.348,36.743,31.129,288.0,315.0,218.0,325.0,True,SOFT,4.0,True,3,1,True,2021,22
6,85.322,10,17.354,36.801,31.167,287.0,315.0,221.0,324.0,True,SOFT,2.0,True,3,1,True,2021,22
47,85.34,13,17.464,36.705,31.171,285.0,313.0,215.0,322.0,True,SOFT,4.0,True,3,1,True,2021,22
9,86.332,11,17.689,37.075,31.568,284.0,313.0,215.0,324.0,True,SOFT,2.0,True,3,1,True,2021,22
